mssql-1  | 2026-08-12T15:32:40.581029025Z Azure SQL Edge will run as non-root by default.
mssql-1  | 2026-08-12T15:32:40.584203155Z This container is running as user mssql.
mssql-1  | 2026-08-12T15:32:40.584289191Z To learn more visit https://go.microsoft.com/fwlink/?linkid=2140520.
mssql-1  | 2026-08-12T15:32:40.959388065Z 2026/08/12 15:32:40 [launchpadd] INFO: Extensibility Log Header: <timestamp> <process> <sandboxId> <sessionId> <message>
mssql-1  | 2026-08-12T15:32:40.959421504Z 2026/08/12 15:32:40 [launchpadd] WARNING: Failed to load /var/opt/mssql/mssql.conf ini file with error open /var/opt/mssql/mssql.conf: no such file or directory
mssql-1  | 2026-08-12T15:32:40.962108264Z 2026/08/12 15:32:40 [launchpadd] ERROR: RevoScaleR installation was not found. RevoScaleR is required to be installed in order to use R scripts.
mssql-1  | 2026-08-12T15:32:40.963684901Z 2026/08/12 15:32:40 [launchpadd] ERROR: revoscalepy installation was not found. revoscalepy is required to be installed in order to use Python scripts.
mssql-1  | 2026-08-12T15:32:40.966177886Z 2026/08/12 15:32:40 [launchpadd] INFO: DataDirectories =  /bin:/etc:/lib:/lib32:/lib64:/sbin:/usr/bin:/usr/include:/usr/lib:/usr/lib32:/usr/lib64:/usr/libexec/gcc:/usr/sbin:/usr/share:/var/lib:/opt/microsoft:/opt/mssql-extensibility:/opt/mssql/mlservices:/opt/mssql/lib/zulu-jre-11:/opt/mssql-tools
mssql-1  | 2026-08-12T15:32:40.968045575Z 2026/08/12 15:32:40 Drop permitted effective capabilities.
mssql-1  | 2026-08-12T15:32:41.358470849Z 2026/08/12 15:32:41 [launchpadd] INFO: Polybase remote hadoop bridge disabled
mssql-1  | 2026-08-12T15:32:41.358572714Z 2026/08/12 15:32:41 [launchpadd] INFO: Launchpadd is connecting to mssql on localhost:1431
mssql-1  | 2026-08-12T15:32:41.379203743Z 2026/08/12 15:32:41 [launchpadd] WARNING: Failed to connect to SQL because: dial tcp [::1]:1431: getsockopt: connection refused, will reattempt connection.
mssql-1  | 2026-08-12T15:32:42.385018144Z 2026/08/12 15:32:42 [launchpadd] WARNING: Failed to connect to SQL because: dial tcp [::1]:1431: getsockopt: connection refused, will reattempt connection.
mssql-1  | 2026-08-12T15:32:43.388332285Z 2026/08/12 15:32:43 [launchpadd] WARNING: Failed to connect to SQL because: dial tcp [::1]:1431: getsockopt: connection refused, will reattempt connection.
mssql-1  | 2026-08-12T15:32:44.391494574Z 2026/08/12 15:32:44 [launchpadd] WARNING: Failed to connect to SQL because: dial tcp [::1]:1431: getsockopt: connection refused, will reattempt connection.
mssql-1  | 2026-08-12T15:32:45.392533818Z 2026/08/12 15:32:45 [launchpadd] WARNING: Failed to connect to SQL because: dial tcp [::1]:1431: getsockopt: connection refused, will reattempt connection.
mssql-1  | 2026-08-12T15:32:50.721519676Z 2026-08-12 15:32:50.53 Server      The licensing PID was successfully processed. The new edition is [Azure SQL Edge Developer].
mssql-1  | 2026-08-12T15:32:50.756160267Z 
2026-08-12 15:32:50.74 Server      Setup step is copying system data file 'C:\templatedata\master.mdf' to '/var/opt/mssql/data/master.mdf'.
mssql-1  | 2026-08-12T15:32:50.775505613Z 
2026-08-12 15:32:50.76 Server      Did not find an existing master data file /var/opt/mssql/data/master.mdf, copying the missing default master and other system database files. If you have moved the database location, but not moved the database files, startup may fail. To repair: shutdown SQL Server, move the master database to configured location, and restart.
mssql-1  | 2026-08-12T15:32:50.781931329Z 
2026-08-12 15:32:50.76 Server      Setup step is copying system data file 'C:\templatedata\mastlog.ldf' to '/var/opt/mssql/data/mastlog.ldf'.
mssql-1  | 2026-08-12T15:32:50.787741150Z 
2026-08-12 15:32:50.77 Server      Setup step is copying system data file 'C:\templatedata\model.mdf' to '/var/opt/mssql/data/model.mdf'.
mssql-1  | 2026-08-12T15:32:50.810372319Z 
2026-08-12 15:32:50.79 Server      Setup step is copying system data file 'C:\templatedata\modellog.ldf' to '/var/opt/mssql/data/modellog.ldf'.
mssql-1  | 2026-08-12T15:32:50.863438514Z 
2026-08-12 15:32:50.85 Server      Setup step is copying system data file 'C:\templatedata\msdbdata.mdf' to '/var/opt/mssql/data/msdbdata.mdf'.
mssql-1  | 2026-08-12T15:32:50.914012813Z 
2026-08-12 15:32:50.90 Server      Setup step is copying system data file 'C:\templatedata\msdblog.ldf' to '/var/opt/mssql/data/msdblog.ldf'.
mssql-1  | 2026-08-12T15:32:50.919943262Z 
2026-08-12 15:32:50.90 Server      Setup step is copying system data file 'C:\templatedata\model_replicatedmaster.mdf' to '/var/opt/mssql/data/model_replicatedmaster.mdf'.
mssql-1  | 2026-08-12T15:32:50.944069485Z 
2026-08-12 15:32:50.93 Server      Setup step is copying system data file 'C:\templatedata\model_replicatedmaster.ldf' to '/var/opt/mssql/data/model_replicatedmaster.ldf'.
mssql-1  | 2026-08-12T15:32:50.950581834Z 
2026-08-12 15:32:50.93 Server      Setup step is copying system data file 'C:\templatedata\model_msdbdata.mdf' to '/var/opt/mssql/data/model_msdbdata.mdf'.
mssql-1  | 2026-08-12T15:32:51.022495673Z 
2026-08-12 15:32:51.00 Server      Setup step is copying system data file 'C:\templatedata\model_msdblog.ldf' to '/var/opt/mssql/data/model_msdblog.ldf'.
mssql-1  | 2026-08-12T15:32:51.056177086Z 
2026-08-12 15:32:51.04 Server      Microsoft Azure SQL Edge Developer (RTM) - 16.0.5100.7245 (X64) 
mssql-1  | 2026-08-12T15:32:51.057032295Z 
	Jun 13 2023 12:34:33 
mssql-1  | 2026-08-12T15:32:51.057117213Z 
	Copyright (C) 2022 Microsoft Corporation
mssql-1  | 2026-08-12T15:32:51.057133818Z 
	Linux (Ubuntu 20.04.6 LTS) <X64>
mssql-1  | 2026-08-12T15:32:51.058287363Z 
2026-08-12 15:32:51.04 Server      UTC adjustment: 0:00
mssql-1  | 2026-08-12T15:32:51.058883753Z 
2026-08-12 15:32:51.04 Server      (c) Microsoft Corporation.
mssql-1  | 2026-08-12T15:32:51.059915175Z 
2026-08-12 15:32:51.04 Server      All rights reserved.
mssql-1  | 2026-08-12T15:32:51.060892857Z 
2026-08-12 15:32:51.05 Server      Server process ID is 340.
mssql-1  | 2026-08-12T15:32:51.062349712Z 
2026-08-12 15:32:51.05 Server      Logging SQL Server messages in file '/var/opt/mssql/log/errorlog'.
mssql-1  | 2026-08-12T15:32:51.063590627Z 
2026-08-12 15:32:51.05 Server      Registry startup parameters: 
mssql-1  | 2026-08-12T15:32:51.063614729Z 
	 -d /var/opt/mssql/data/master.mdf
mssql-1  | 2026-08-12T15:32:51.063630564Z 
	 -l /var/opt/mssql/data/mastlog.ldf
mssql-1  | 2026-08-12T15:32:51.064870148Z 
	 -e /var/opt/mssql/log/errorlog
mssql-1  | 2026-08-12T15:32:51.069132461Z 
2026-08-12 15:32:51.05 Server      SQL Server detected 1 sockets with 2 cores per socket and 2 logical processors per socket, 2 total logical processors; using 2 logical processors based on SQL Server licensing. This is an informational message; no user action is required.
mssql-1  | 2026-08-12T15:32:51.070432931Z 
2026-08-12 15:32:51.05 Server      SQL Server is starting at normal priority base (=7). This is an informational message only. No user action is required.
mssql-1  | 2026-08-12T15:32:51.071929933Z 
2026-08-12 15:32:51.06 Server      Detected 3131 MB of RAM. This is an informational message; no user action is required.
mssql-1  | 2026-08-12T15:32:51.073105478Z 
2026-08-12 15:32:51.06 Server      Using conventional memory in the memory manager.
mssql-1  | 2026-08-12T15:32:51.074079937Z 
2026-08-12 15:32:51.06 Server      Detected pause instruction latency: 132 cycles.
mssql-1  | 2026-08-12T15:32:51.074893247Z 
2026-08-12 15:32:51.06 Server      Spin divider value used: 3
mssql-1  | 2026-08-12T15:32:51.078212070Z 
2026-08-12 15:32:51.06 Server      Page exclusion bitmap is enabled.
mssql-1  | 2026-08-12T15:32:51.124023006Z 
2026-08-12 15:32:51.11 Server      Buffer Pool: Allocating 524288 bytes for 430295 hashPages.
mssql-1  | 2026-08-12T15:32:51.391442287Z 
2026-08-12 15:32:51.38 Server      Buffer pool extension is already disabled. No action is necessary.
mssql-1  | 2026-08-12T15:32:51.822639878Z 
2026-08-12 15:32:51.81 Server      Installing Client TLS certificates to the store.
mssql-1  | 2026-08-12T15:32:51.837289207Z 
2026-08-12 15:32:51.82 Server      Error searching first file in /var/opt/mssql/security/ca-certificates: 3(The system cannot find the path specified.)
mssql-1  | 2026-08-12T15:32:51.838475262Z 
2026-08-12 15:32:51.83 Server      CPU vectorization level(s) detected:  SSE SSE2 SSE3 SSSE3 SSE41 SSE42 AVX AVX2 POPCNT BMI1 BMI2
mssql-1  | 2026-08-12T15:32:52.009933395Z 
2026-08-12 15:32:51.99 Server      Successfully initialized the TLS configuration. Allowed TLS protocol versions are ['1.0 1.1 1.2']. Allowed TLS ciphers are ['ECDHE-ECDSA-AES128-GCM-SHA256:ECDHE-ECDSA-AES256-GCM-SHA384:ECDHE-RSA-AES128-GCM-SHA256:ECDHE-RSA-AES256-GCM-SHA384:ECDHE-ECDSA-AES128-SHA256:ECDHE-ECDSA-AES256-SHA384:ECDHE-ECDSA-AES256-SHA:ECDHE-ECDSA-AES128-SHA:AES256-GCM-SHA384:AES128-GCM-SHA256:AES256-SHA256:AES128-SHA256:AES256-SHA:AES128-SHA:!DHE-RSA-AES256-GCM-SHA384:!DHE-RSA-AES128-GCM-SHA256:!DHE-RSA-AES256-SHA:!DHE-RSA-AES128-SHA'].
mssql-1  | 2026-08-12T15:32:52.028841410Z 
2026-08-12 15:32:52.02 Server      Query Store settings initialized with enabled = 1, 
mssql-1  | 2026-08-12T15:32:52.064179947Z 
2026-08-12 15:32:52.05 Server      Node configuration: node 0: CPU mask: 0x0000000000000003:0 Active CPU mask: 0x0000000000000003:0. This message provides a description of the NUMA configuration for this computer. This is an informational message only. No user action is required.
mssql-1  | 2026-08-12T15:32:52.079031602Z 
2026-08-12 15:32:52.07 Server      Using dynamic lock allocation.  Initial allocation of 500 Lock blocks and 1000 Lock Owner blocks per node.  This is an informational message only.  No user action is required.
mssql-1  | 2026-08-12T15:32:52.090682729Z 
2026-08-12 15:32:52.08 Server      Database Instant File Initialization: enabled. For security and performance considerations see the topic 'Database Instant File Initialization' in SQL Server Books Online. This is an informational message only. No user action is required.
mssql-1  | 2026-08-12T15:32:52.100530368Z 
ForceFlush is enabled for this instance. 
mssql-1  | 2026-08-12T15:32:52.113967963Z 
2026-08-12 15:32:52.10 Server      Total Log Writer threads: 1, Node CPUs: 1, Nodes: 1, Log Writer threads per CPU: 1, Log Writer threads per Node: 2
mssql-1  | 2026-08-12T15:32:52.120517576Z 
2026-08-12 15:32:52.11 Server      clflushopt is selected for pmem flush operation.
mssql-1  | 2026-08-12T15:32:52.129127869Z 
2026-08-12 15:32:52.11 Server      Software Usage Metrics is disabled.
mssql-1  | 2026-08-12T15:32:52.162286516Z 
2026-08-12 15:32:52.15 spid7s      [1]. Feature Status: PVS: 0. CTR: 0. ConcurrentPFSUpdate: 1. ConcurrentGAMUpdate: 0. ConcurrentSGAMUpdate: 0, CleanupUnderUserTransaction: 0. TranLevelPVS: 0
mssql-1  | 2026-08-12T15:32:52.166075600Z 
2026-08-12 15:32:52.15 spid7s      Starting up database 'master'.
mssql-1  | 2026-08-12T15:32:52.212309800Z 
ForceFlush feature is enabled for log durability.
mssql-1  | 2026-08-12T15:32:52.248140726Z 
2026-08-12 15:32:52.23 spid7s      The tail of the log for database master is being rewritten to match the new sector size of 4096 bytes.  2560 bytes at offset 398848 in file /var/opt/mssql/data/mastlog.ldf will be written.
mssql-1  | 2026-08-12T15:32:52.318906962Z 
2026-08-12 15:32:52.31 spid7s      Converting database 'master' from version 927 to the current version 964.
mssql-1  | 2026-08-12T15:32:52.321260343Z 
2026-08-12 15:32:52.31 spid7s      Database 'master' running the upgrade step from version 927 to version 928.
mssql-1  | 2026-08-12T15:32:52.353310870Z 
2026-08-12 15:32:52.34 spid7s      Database 'master' running the upgrade step from version 928 to version 929.
mssql-1  | 2026-08-12T15:32:52.373591831Z 
2026-08-12 15:32:52.36 spid7s      Database 'master' running the upgrade step from version 929 to version 930.
mssql-1  | 2026-08-12T15:32:52.382028281Z 
2026-08-12 15:32:52.37 spid7s      Database 'master' running the upgrade step from version 930 to version 931.
mssql-1  | 2026-08-12T15:32:52.389306532Z 
2026-08-12 15:32:52.38 spid7s      Database 'master' running the upgrade step from version 931 to version 932.
mssql-1  | 2026-08-12T15:32:52.395990344Z 
2026-08-12 15:32:52.38 spid7s      Database 'master' running the upgrade step from version 932 to version 933.
mssql-1  | 2026-08-12T15:32:52.403051468Z 
2026-08-12 15:32:52.39 spid7s      Database 'master' running the upgrade step from version 933 to version 934.
mssql-1  | 2026-08-12T15:32:52.417430696Z 
2026-08-12 15:32:52.40 spid7s      Database 'master' running the upgrade step from version 934 to version 935.
mssql-1  | 2026-08-12T15:32:52.428541456Z 
2026-08-12 15:32:52.42 spid7s      Database 'master' running the upgrade step from version 935 to version 936.
mssql-1  | 2026-08-12T15:32:52.436262857Z 
2026-08-12 15:32:52.42 spid7s      Database 'master' running the upgrade step from version 936 to version 937.
mssql-1  | 2026-08-12T15:32:52.448640029Z 
2026-08-12 15:32:52.43 spid7s      Database 'master' running the upgrade step from version 937 to version 938.
mssql-1  | 2026-08-12T15:32:52.454566767Z 
2026-08-12 15:32:52.44 spid7s      Database 'master' running the upgrade step from version 938 to version 939.
mssql-1  | 2026-08-12T15:32:52.461243155Z 
2026-08-12 15:32:52.45 spid7s      Database 'master' running the upgrade step from version 939 to version 940.
mssql-1  | 2026-08-12T15:32:52.466732906Z 
2026-08-12 15:32:52.46 spid7s      Database 'master' running the upgrade step from version 940 to version 941.
mssql-1  | 2026-08-12T15:32:52.474849129Z 
2026-08-12 15:32:52.46 spid7s      Database 'master' running the upgrade step from version 941 to version 942.
mssql-1  | 2026-08-12T15:32:52.480085332Z 
2026-08-12 15:32:52.47 spid7s      Database 'master' running the upgrade step from version 942 to version 943.
mssql-1  | 2026-08-12T15:32:52.508144427Z 
2026-08-12 15:32:52.50 spid7s      Database 'master' running the upgrade step from version 943 to version 944.
mssql-1  | 2026-08-12T15:32:52.515147206Z 
2026-08-12 15:32:52.50 spid7s      Database 'master' running the upgrade step from version 944 to version 945.
mssql-1  | 2026-08-12T15:32:52.528588163Z 
2026-08-12 15:32:52.52 spid7s      Database 'master' running the upgrade step from version 945 to version 946.
mssql-1  | 2026-08-12T15:32:52.537498092Z 
2026-08-12 15:32:52.53 spid7s      Database 'master' running the upgrade step from version 946 to version 947.
mssql-1  | 2026-08-12T15:32:52.546758786Z 
2026-08-12 15:32:52.53 spid7s      Database 'master' running the upgrade step from version 947 to version 948.
mssql-1  | 2026-08-12T15:32:52.552140814Z 
2026-08-12 15:32:52.54 spid7s      Database 'master' running the upgrade step from version 948 to version 949.
mssql-1  | 2026-08-12T15:32:52.560944140Z 
2026-08-12 15:32:52.55 spid7s      Database 'master' running the upgrade step from version 949 to version 950.
mssql-1  | 2026-08-12T15:32:52.566320075Z 
2026-08-12 15:32:52.55 spid7s      Database 'master' running the upgrade step from version 950 to version 951.
mssql-1  | 2026-08-12T15:32:52.579333781Z 
2026-08-12 15:32:52.57 spid7s      Database 'master' running the upgrade step from version 951 to version 952.
mssql-1  | 2026-08-12T15:32:52.584285126Z 
2026-08-12 15:32:52.57 spid7s      Database 'master' running the upgrade step from version 952 to version 953.
mssql-1  | 2026-08-12T15:32:52.595550957Z 
2026-08-12 15:32:52.58 spid7s      Database 'master' running the upgrade step from version 953 to version 954.
mssql-1  | 2026-08-12T15:32:52.602279035Z 
2026-08-12 15:32:52.59 spid7s      Database 'master' running the upgrade step from version 954 to version 955.
mssql-1  | 2026-08-12T15:32:52.611120814Z 
2026-08-12 15:32:52.60 spid7s      Database 'master' running the upgrade step from version 955 to version 956.
mssql-1  | 2026-08-12T15:32:52.652677249Z 
2026-08-12 15:32:52.64 spid7s      Database 'master' running the upgrade step from version 956 to version 957.
mssql-1  | 2026-08-12T15:32:52.665372759Z 
2026-08-12 15:32:52.65 spid7s      Database 'master' running the upgrade step from version 957 to version 963.
mssql-1  | 2026-08-12T15:32:52.678199106Z 
2026-08-12 15:32:52.67 spid7s      Database 'master' running the upgrade step from version 963 to version 964.
mssql-1  | 2026-08-12T15:32:52.848619469Z 
2026-08-12 15:32:52.84 Server      External governance manager initialized
mssql-1  | 2026-08-12T15:32:52.871975584Z 
2026-08-12 15:32:52.87 spid7s      SQL Server Audit is starting the audits. This is an informational message. No user action is required.
mssql-1  | 2026-08-12T15:32:52.873473623Z 
2026-08-12 15:32:52.87 spid7s      [AutoStartAuditSessions] Starting audit session task
mssql-1  | 2026-08-12T15:32:52.883240434Z 
2026-08-12 15:32:52.88 spid7s      SQL Server Audit has started the audits. This is an informational message. No user action is required.
mssql-1  | 2026-08-12T15:32:52.888938628Z 
2026-08-12 15:32:52.88 spid7s      XE session 'system_health' started.
mssql-1  | 2026-08-12T15:32:53.004626631Z 
2026-08-12 15:32:53.00 spid7s      SQL Trace ID 1 was started by login "sa".
mssql-1  | 2026-08-12T15:32:53.046063495Z 
2026-08-12 15:32:53.04 spid7s      Server name is 'a925c49195a3'. This is an informational message only. No user action is required.
mssql-1  | 2026-08-12T15:32:53.099820815Z 
2026-08-12 15:32:53.09 spid7s      [4]. Feature Status: PVS: 0. CTR: 0. ConcurrentPFSUpdate: 1. ConcurrentGAMUpdate: 0. ConcurrentSGAMUpdate: 0, CleanupUnderUserTransaction: 0. TranLevelPVS: 0
mssql-1  | 2026-08-12T15:32:53.101243561Z 
2026-08-12 15:32:53.10 spid22s     Password policy update was successful.
mssql-1  | 2026-08-12T15:32:53.112281941Z 
2026-08-12 15:32:53.11 spid11s     [32767]. Feature Status: PVS: 0. CTR: 0. ConcurrentPFSUpdate: 1. ConcurrentGAMUpdate: 0. ConcurrentSGAMUpdate: 0, CleanupUnderUserTransaction: 0. TranLevelPVS: 0
mssql-1  | 2026-08-12T15:32:53.131942223Z 
2026-08-12 15:32:53.12 spid7s      Starting up database 'msdb'.
mssql-1  | 2026-08-12T15:32:53.133995994Z 
2026-08-12 15:32:53.12 spid11s     Starting up database 'mssqlsystemresource'.
mssql-1  | 2026-08-12T15:32:53.146499693Z 
2026-08-12 15:32:53.14 spid11s     The resource database build version is 16.00.5100. This is an informational message only. No user action is required.
mssql-1  | 2026-08-12T15:32:53.266039090Z 
2026-08-12 15:32:53.26 spid11s     [3]. Feature Status: PVS: 0. CTR: 0. ConcurrentPFSUpdate: 1. ConcurrentGAMUpdate: 0. ConcurrentSGAMUpdate: 0, CleanupUnderUserTransaction: 0. TranLevelPVS: 0
mssql-1  | 2026-08-12T15:32:53.268840189Z 
2026-08-12 15:32:53.26 spid11s     Starting up database 'model'.
mssql-1  | 2026-08-12T15:32:53.288228932Z 
2026-08-12 15:32:53.28 spid7s      Converting database 'msdb' from version 927 to the current version 964.
mssql-1  | 2026-08-12T15:32:53.292449627Z 
2026-08-12 15:32:53.28 spid7s      Database 'msdb' running the upgrade step from version 927 to version 928.
mssql-1  | 2026-08-12T15:32:53.318434160Z 
2026-08-12 15:32:53.31 spid11s     The tail of the log for database model is being rewritten to match the new sector size of 4096 bytes.  1536 bytes at offset 76288 in file /var/opt/mssql/data/modellog.ldf will be written.
mssql-1  | 2026-08-12T15:32:53.344678749Z 
2026-08-12 15:32:53.34 spid7s      Database 'msdb' running the upgrade step from version 928 to version 929.
mssql-1  | 2026-08-12T15:32:53.364880920Z 
2026-08-12 15:32:53.36 spid22s     A self-generated certificate was successfully loaded for encryption.
mssql-1  | 2026-08-12T15:32:53.370168658Z 
2026-08-12 15:32:53.36 spid22s     Server is listening on [ 'any' <ipv6> 1433] accept sockets 1.
mssql-1  | 2026-08-12T15:32:53.372057810Z 
2026-08-12 15:32:53.37 spid11s     Converting database 'model' from version 927 to the current version 964.
mssql-1  | 2026-08-12T15:32:53.374221023Z 
2026-08-12 15:32:53.37 spid11s     Database 'model' running the upgrade step from version 927 to version 928.
mssql-1  | 2026-08-12T15:32:53.376130482Z 
2026-08-12 15:32:53.37 spid22s     Server is listening on [ 'any' <ipv4> 1433] accept sockets 1.
mssql-1  | 2026-08-12T15:32:53.389963379Z 
2026-08-12 15:32:53.38 spid22s     Dedicated administrator connection support was not started because it is disabled on this edition of SQL Server. If you want to use a dedicated administrator connection, restart SQL Server using the trace flag 7806. This is an informational message only. No user action is required.
mssql-1  | 2026-08-12T15:32:53.393462513Z 
2026-08-12 15:32:53.39 spid22s     Server is listening on [ ::1 <ipv6> 1431] accept sockets 1.
mssql-1  | 2026-08-12T15:32:53.394545100Z 
2026-08-12 15:32:53.39 spid11s     Database 'model' running the upgrade step from version 928 to version 929.
mssql-1  | 2026-08-12T15:32:53.398488724Z 
2026-08-12 15:32:53.39 spid22s     Server is listening on [ 127.0.0.1 <ipv4> 1431] accept sockets 1.
mssql-1  | 2026-08-12T15:32:53.400704102Z 
2026-08-12 15:32:53.40 spid22s     SQL Server is now ready for client connections. This is an informational message; no user action is required.
mssql-1  | 2026-08-12T15:32:53.409324114Z 
2026-08-12 15:32:53.40 spid7s      Database 'msdb' running the upgrade step from version 929 to version 930.
mssql-1  | 2026-08-12T15:32:53.437945619Z 
2026-08-12 15:32:53.43 spid7s      Database 'msdb' running the upgrade step from version 930 to version 931.
mssql-1  | 2026-08-12T15:32:53.450623738Z 2026/08/12 15:32:53 [launchpadd] INFO: Connection opened from [::1]:42208 to [::1]:1431
mssql-1  | 2026-08-12T15:32:53.450659869Z 2026/08/12 15:32:53 [launchpadd] INFO: Sending message of type 20 [MessageTypePackageLauncherConnect], SessionID:00000000-0000-0000-0000-000000000000
mssql-1  | 2026-08-12T15:32:53.451842305Z 2026/08/12 15:32:53 [launchpadd] INFO: Sent message of type 20 [MessageTypePackageLauncherConnect], SessionID:00000000-0000-0000-0000-000000000000
mssql-1  | 2026-08-12T15:32:53.458760679Z 
2026-08-12 15:32:53.45 spid7s      Database 'msdb' running the upgrade step from version 931 to version 932.
mssql-1  | 2026-08-12T15:32:53.461629139Z 
2026-08-12 15:32:53.46 Server      Server is listening on [ 127.0.0.1 <ipv4> 14300] accept sockets 1.
mssql-1  | 2026-08-12T15:32:53.466346069Z 
2026-08-12 15:32:53.46 Server      Server is listening on [ 127.0.0.1 <ipv4> 42505] accept sockets 1.
mssql-1  | 2026-08-12T15:32:53.475384803Z 2026/08/12 15:32:53 [launchpadd] INFO: Received packet of type 17 [MessageTypeXdbDataPackageStart]
mssql-1  | 2026-08-12T15:32:53.475416103Z 2026/08/12 15:32:53 [launchpadd] INFO: Packet header: &{Version:1 TypeAndEndOfMessageBit:32785 PacketSizeInBytes:310 SessionID:04978f6c-a805-4b05-aa25-df4cc0419773}
mssql-1  | 2026-08-12T15:32:53.475431997Z 2026/08/12 15:32:53 [launchpadd] INFO: DataPackageStart message is received with package GUID=bbcdb4a7-d9cb-484c-8bbc-4730710cc12a, SandboxFileMappingEntryCount=0, Configuration=6.
mssql-1  | 2026-08-12T15:32:53.484969418Z 
2026-08-12 15:32:53.48 spid11s     Database 'model' running the upgrade step from version 929 to version 930.
mssql-1  | 2026-08-12T15:32:53.490034350Z 
2026-08-12 15:32:53.48 spid7s      Database 'msdb' running the upgrade step from version 932 to version 933.
mssql-1  | 2026-08-12T15:32:53.497984266Z 
2026-08-12 15:32:53.49 spid11s     Database 'model' running the upgrade step from version 930 to version 931.
mssql-1  | 2026-08-12T15:32:53.506399258Z 
2026-08-12 15:32:53.50 spid11s     Database 'model' running the upgrade step from version 931 to version 932.
mssql-1  | 2026-08-12T15:32:53.511010317Z 
2026-08-12 15:32:53.51 spid7s      Database 'msdb' running the upgrade step from version 933 to version 934.
mssql-1  | 2026-08-12T15:32:53.515941930Z 
2026-08-12 15:32:53.51 spid11s     Database 'model' running the upgrade step from version 932 to version 933.
mssql-1  | 2026-08-12T15:32:53.521318664Z 
2026-08-12 15:32:53.52 spid7s      Database 'msdb' running the upgrade step from version 934 to version 935.
mssql-1  | 2026-08-12T15:32:53.525164749Z 
2026-08-12 15:32:53.52 spid11s     Database 'model' running the upgrade step from version 933 to version 934.
mssql-1  | 2026-08-12T15:32:53.531993987Z 
2026-08-12 15:32:53.53 spid7s      Database 'msdb' running the upgrade step from version 935 to version 936.
mssql-1  | 2026-08-12T15:32:53.536479079Z 
2026-08-12 15:32:53.53 spid11s     Database 'model' running the upgrade step from version 934 to version 935.
mssql-1  | 2026-08-12T15:32:53.542930697Z 
2026-08-12 15:32:53.54 spid7s      Database 'msdb' running the upgrade step from version 936 to version 937.
mssql-1  | 2026-08-12T15:32:53.544844707Z 
2026-08-12 15:32:53.54 spid11s     Database 'model' running the upgrade step from version 935 to version 936.
mssql-1  | 2026-08-12T15:32:53.551316421Z 
2026-08-12 15:32:53.55 spid11s     Database 'model' running the upgrade step from version 936 to version 937.
mssql-1  | 2026-08-12T15:32:53.554175777Z 
2026-08-12 15:32:53.55 spid7s      Database 'msdb' running the upgrade step from version 937 to version 938.
mssql-1  | 2026-08-12T15:32:53.559236298Z 
2026-08-12 15:32:53.55 spid11s     Database 'model' running the upgrade step from version 937 to version 938.
mssql-1  | 2026-08-12T15:32:53.566028986Z 
2026-08-12 15:32:53.56 spid7s      Database 'msdb' running the upgrade step from version 938 to version 939.
mssql-1  | 2026-08-12T15:32:53.571376590Z 
2026-08-12 15:32:53.57 spid11s     Database 'model' running the upgrade step from version 938 to version 939.
mssql-1  | 2026-08-12T15:32:53.577487418Z 
2026-08-12 15:32:53.57 spid7s      Database 'msdb' running the upgrade step from version 939 to version 940.
mssql-1  | 2026-08-12T15:32:53.582082443Z 
2026-08-12 15:32:53.58 spid11s     Database 'model' running the upgrade step from version 939 to version 940.
mssql-1  | 2026-08-12T15:32:53.588080608Z 
2026-08-12 15:32:53.58 spid7s      Database 'msdb' running the upgrade step from version 940 to version 941.
mssql-1  | 2026-08-12T15:32:53.589557410Z 
2026-08-12 15:32:53.58 spid11s     Database 'model' running the upgrade step from version 940 to version 941.
mssql-1  | 2026-08-12T15:32:53.597568594Z 
2026-08-12 15:32:53.59 spid7s      Database 'msdb' running the upgrade step from version 941 to version 942.
mssql-1  | 2026-08-12T15:32:53.601077181Z 
2026-08-12 15:32:53.60 spid11s     Database 'model' running the upgrade step from version 941 to version 942.
mssql-1  | 2026-08-12T15:32:53.608791758Z 
2026-08-12 15:32:53.60 spid7s      Database 'msdb' running the upgrade step from version 942 to version 943.
mssql-1  | 2026-08-12T15:32:53.613403587Z 
2026-08-12 15:32:53.61 spid11s     Database 'model' running the upgrade step from version 942 to version 943.
mssql-1  | 2026-08-12T15:32:53.642943341Z 
2026-08-12 15:32:53.64 spid11s     Database 'model' running the upgrade step from version 943 to version 944.
mssql-1  | 2026-08-12T15:32:53.654696279Z 
2026-08-12 15:32:53.65 spid11s     Database 'model' running the upgrade step from version 944 to version 945.
mssql-1  | 2026-08-12T15:32:53.662294203Z 
2026-08-12 15:32:53.66 spid7s      Database 'msdb' running the upgrade step from version 943 to version 944.
mssql-1  | 2026-08-12T15:32:53.670075439Z 
2026-08-12 15:32:53.66 spid11s     Database 'model' running the upgrade step from version 945 to version 946.
mssql-1  | 2026-08-12T15:32:53.674079491Z 
2026-08-12 15:32:53.67 spid7s      Database 'msdb' running the upgrade step from version 944 to version 945.
mssql-1  | 2026-08-12T15:32:53.684837509Z 
2026-08-12 15:32:53.68 spid11s     Database 'model' running the upgrade step from version 946 to version 947.
mssql-1  | 2026-08-12T15:32:53.691665487Z 
2026-08-12 15:32:53.69 spid7s      Database 'msdb' running the upgrade step from version 945 to version 946.
mssql-1  | 2026-08-12T15:32:53.695565698Z 
2026-08-12 15:32:53.69 spid11s     Database 'model' running the upgrade step from version 947 to version 948.
mssql-1  | 2026-08-12T15:32:53.701277269Z 
2026-08-12 15:32:53.70 spid7s      Database 'msdb' running the upgrade step from version 946 to version 947.
mssql-1  | 2026-08-12T15:32:53.706494636Z 
2026-08-12 15:32:53.70 spid11s     Database 'model' running the upgrade step from version 948 to version 949.
mssql-1  | 2026-08-12T15:32:53.715098403Z 
2026-08-12 15:32:53.71 spid7s      Database 'msdb' running the upgrade step from version 947 to version 948.
mssql-1  | 2026-08-12T15:32:53.717004081Z 
2026-08-12 15:32:53.71 spid11s     Database 'model' running the upgrade step from version 949 to version 950.
mssql-1  | 2026-08-12T15:32:53.733634717Z 
2026-08-12 15:32:53.73 spid7s      Database 'msdb' running the upgrade step from version 948 to version 949.
mssql-1  | 2026-08-12T15:32:53.736226875Z 
2026-08-12 15:32:53.73 spid11s     Database 'model' running the upgrade step from version 950 to version 951.
mssql-1  | 2026-08-12T15:32:53.751228905Z 
2026-08-12 15:32:53.75 spid7s      Database 'msdb' running the upgrade step from version 949 to version 950.
mssql-1  | 2026-08-12T15:32:53.755129606Z 
2026-08-12 15:32:53.75 spid11s     Database 'model' running the upgrade step from version 951 to version 952.
mssql-1  | 2026-08-12T15:32:53.759862081Z 
2026-08-12 15:32:53.76 spid7s      Database 'msdb' running the upgrade step from version 950 to version 951.
mssql-1  | 2026-08-12T15:32:53.764770307Z 
2026-08-12 15:32:53.76 spid11s     Database 'model' running the upgrade step from version 952 to version 953.
mssql-1  | 2026-08-12T15:32:53.780519665Z 
2026-08-12 15:32:53.78 spid11s     Database 'model' running the upgrade step from version 953 to version 954.
mssql-1  | 2026-08-12T15:32:53.784997335Z 
2026-08-12 15:32:53.78 spid7s      Database 'msdb' running the upgrade step from version 951 to version 952.
mssql-1  | 2026-08-12T15:32:53.790782008Z 
2026-08-12 15:32:53.79 spid11s     Database 'model' running the upgrade step from version 954 to version 955.
mssql-1  | 2026-08-12T15:32:53.793393212Z 
2026-08-12 15:32:53.79 spid7s      Database 'msdb' running the upgrade step from version 952 to version 953.
mssql-1  | 2026-08-12T15:32:53.801322682Z 
2026-08-12 15:32:53.80 spid11s     Database 'model' running the upgrade step from version 955 to version 956.
mssql-1  | 2026-08-12T15:32:53.812802401Z 
2026-08-12 15:32:53.81 spid7s      Database 'msdb' running the upgrade step from version 953 to version 954.
mssql-1  | 2026-08-12T15:32:53.815993585Z 
2026-08-12 15:32:53.81 spid11s     Database 'model' running the upgrade step from version 956 to version 957.
mssql-1  | 2026-08-12T15:32:53.821623932Z 
2026-08-12 15:32:53.82 spid7s      Database 'msdb' running the upgrade step from version 954 to version 955.
mssql-1  | 2026-08-12T15:32:53.825184334Z 
2026-08-12 15:32:53.82 spid11s     Database 'model' running the upgrade step from version 957 to version 963.
mssql-1  | 2026-08-12T15:32:53.833116325Z 
2026-08-12 15:32:53.83 spid7s      Database 'msdb' running the upgrade step from version 955 to version 956.
mssql-1  | 2026-08-12T15:32:53.836354562Z 
2026-08-12 15:32:53.83 spid11s     Database 'model' running the upgrade step from version 963 to version 964.
mssql-1  | 2026-08-12T15:32:53.871704195Z 
2026-08-12 15:32:53.86 spid7s      Database 'msdb' running the upgrade step from version 956 to version 957.
mssql-1  | 2026-08-12T15:32:53.876818142Z 
2026-08-12 15:32:53.87 spid7s      Database 'msdb' running the upgrade step from version 957 to version 963.
mssql-1  | 2026-08-12T15:32:53.883862973Z 
2026-08-12 15:32:53.87 spid7s      Database 'msdb' running the upgrade step from version 963 to version 964.
mssql-1  | 2026-08-12T15:32:53.973973599Z 
2026-08-12 15:32:53.96 spid11s     Clearing tempdb database.
mssql-1  | 2026-08-12T15:32:54.050470925Z 
2026-08-12 15:32:54.04 spid11s     [2]. Feature Status: PVS: 0. CTR: 0. ConcurrentPFSUpdate: 1. ConcurrentGAMUpdate: 0. ConcurrentSGAMUpdate: 0, CleanupUnderUserTransaction: 0. TranLevelPVS: 0
mssql-1  | 2026-08-12T15:32:54.054084662Z 
2026-08-12 15:32:54.04 spid11s     Starting up database 'tempdb'.
mssql-1  | 2026-08-12T15:32:54.063511472Z 2026/08/12 15:32:54 [launchpadd] [bbcdb4a7] INFO: Sending message of type 19 [MessageTypeXdbPackageResume], SessionID:04978f6c-a805-4b05-aa25-df4cc0419773
mssql-1  | 2026-08-12T15:32:54.063540663Z 2026/08/12 15:32:54 [launchpadd] [bbcdb4a7] INFO: Sent message of type 19 [MessageTypeXdbPackageResume], SessionID:04978f6c-a805-4b05-aa25-df4cc0419773
mssql-1  | 2026-08-12T15:32:54.063853994Z 2026/08/12 15:32:54 [launchpadd] [bbcdb4a7] INFO: Received packet of type 12 [MessageTypeAck]
mssql-1  | 2026-08-12T15:32:54.064584120Z 2026/08/12 15:32:54 [launchpadd] [bbcdb4a7] INFO: Packet header: &{Version:1 TypeAndEndOfMessageBit:32780 PacketSizeInBytes:28 SessionID:bbcdb4a7-d9cb-484c-8bbc-4730710cc12a}
mssql-1  | 2026-08-12T15:32:54.064603790Z 2026/08/12 15:32:54 [launchpadd] [bbcdb4a7] INFO: Starting launchpad for bbcdb4a7-d9cb-484c-8bbc-4730710cc12a
mssql-1  | 2026-08-12T15:32:54.064940922Z 2026/08/12 15:32:54 [launchpadd] [bbcdb4a7] INFO: Create sandbox directory /var/opt/mssql-extensibility/data/bbcdb4a7-d9cb-484c-8bbc-4730710cc12a  with uid= 10001 gid= 0 perms= -rwxrwxr-x
mssql-1  | 2026-08-12T15:32:54.065907306Z 2026/08/12 15:32:54 [launchpadd] [bbcdb4a7] INFO: Change owner and permissions for sandbox directory /var/opt/mssql-extensibility/data/bbcdb4a7-d9cb-484c-8bbc-4730710cc12a uid= 10001 gid= 0 perms= -rwxrwxr-x
mssql-1  | 2026-08-12T15:32:54.065926837Z 2026/08/12 15:32:54 [launchpadd] [bbcdb4a7] INFO: mountExtMgmtPaths
mssql-1  | 2026-08-12T15:32:54.065941677Z 2026/08/12 15:32:54 [launchpadd] [bbcdb4a7] INFO: env var EXT_MGR_PATH_COUNT not set: strconv.Atoi: parsing "": invalid syntax 
mssql-1  | 2026-08-12T15:32:54.065955888Z 2026/08/12 15:32:54 [launchpadd] [bbcdb4a7] INFO: Mount external language or library paths, EXT_MGR_PATH_COUNT=0 
mssql-1  | 2026-08-12T15:32:54.065969888Z 2026/08/12 15:32:54 [launchpadd] [bbcdb4a7] INFO: In no isolation mode, running /opt/mssql-extensibility/bin/launchpad with args [-launcher rxLibs/x64/libRLauncher.so:rxLibs/libPythonLauncher.so -hostname 127.0.0.1 -sandboxWorkingDir /var/opt/mssql-extensibility/data/bbcdb4a7-d9cb-484c-8bbc-4730710cc12a -reparentOrphanedDescendants=true -useDefaultLaunchers=false]
mssql-1  | 2026-08-12T15:32:54.066513527Z 2026/08/12 15:32:54 [launchpadd] [bbcdb4a7] INFO: Started launchpad with pid:171
mssql-1  | 2026-08-12T15:32:54.080837079Z 
2026-08-12 15:32:54.07 spid7s      WPRBucketTableAccess::Create: Will not create wpr table wpr_bucket_table on dbid 4 because it already exists.
mssql-1  | 2026-08-12T15:32:54.090153355Z 2026/08/12 15:32:54 [launchpad] [bbcdb4a7] WARNING: PopulateLauncher failed: Library rxLibs/x64/libRLauncher.so not loaded. Error: rxLibs/x64/libRLauncher.so: cannot open shared object file: No such file or directory
mssql-1  | 2026-08-12T15:32:54.090565320Z 2026/08/12 15:32:54 [launchpad] [bbcdb4a7] WARNING: PopulateLauncher failed: Library rxLibs/libPythonLauncher.so not loaded. Error: rxLibs/libPythonLauncher.so: cannot open shared object file: No such file or directory
mssql-1  | 2026-08-12T15:32:54.093510323Z 2026/08/12 15:32:54 [launchpad] [bbcdb4a7] INFO: Launchpad is connecting to mssql on 127.0.0.1:14300
mssql-1  | 2026-08-12T15:32:54.115604006Z 2026/08/12 15:32:54 [launchpad] [bbcdb4a7] INFO: Setting PR_SET_CHILD_SUBREAPER
mssql-1  | 2026-08-12T15:32:54.116815469Z 2026/08/12 15:32:54 [launchpad] [bbcdb4a7] INFO: Received packet of type 8 [MessageTypeServiceStart]
mssql-1  | 2026-08-12T15:32:54.117413640Z 2026/08/12 15:32:54 [launchpad] [bbcdb4a7] INFO: Packet header: &{Version:1 TypeAndEndOfMessageBit:32776 PacketSizeInBytes:426 SessionID:00000001-0000-0000-0000-000000000000}
mssql-1  | 2026-08-12T15:32:54.118432666Z 2026/08/12 15:32:54 [launchpad] [bbcdb4a7] [00000001] INFO: Start processPacketLoop for SessionID: 00000001-0000-0000-0000-000000000000
mssql-1  | 2026-08-12T15:32:54.119011026Z 2026/08/12 15:32:54 [launchpad] [bbcdb4a7] [00000001] INFO: Launching satellite for SessionID: 00000001-0000-0000-0000-000000000000
mssql-1  | 2026-08-12T15:32:54.121191532Z 2026/08/12 15:32:54 [launchpad] [bbcdb4a7] [00000001] INFO: Cleaning up prior external service lifetime for groups map[]
mssql-1  | 2026-08-12T15:32:54.121535104Z 2026/08/12 15:32:54 [launchpad] [bbcdb4a7] [00000001] INFO: Cleanup of prior external service lifetime complete
mssql-1  | 2026-08-12T15:32:54.123456111Z 2026/08/12 15:32:54 [launchpad] [bbcdb4a7] [00000001] INFO: Starting script dotnet /app/ASDE.Dotnet.dll 00000001-0000-0000-0000-000000000000
mssql-1  | 2026-08-12T15:32:54.125518804Z 2026/08/12 15:32:54 [launchpad] [bbcdb4a7] [00000001] INFO: Sending message of type 3 [MessageTypeResumeWithLogin], SessionID:00000001-0000-0000-0000-000000000000
mssql-1  | 2026-08-12T15:32:54.126851300Z 2026/08/12 15:32:54 [launchpad] [bbcdb4a7] [00000001] INFO: Sent message of type 3 [MessageTypeResumeWithLogin], SessionID:00000001-0000-0000-0000-000000000000
mssql-1  | 2026-08-12T15:32:54.127297566Z 2026/08/12 15:32:54 [launchpad] [bbcdb4a7] [00000001] INFO: Done processing the packet of type 8 [MessageTypeServiceStart]
mssql-1  | 2026-08-12T15:32:54.180152987Z 
2026-08-12 15:32:54.17 spid11s     The tempdb database has 1 data file(s).
mssql-1  | 2026-08-12T15:32:54.185439082Z 
2026-08-12 15:32:54.18 spid26s     The Service Broker endpoint is in disabled or stopped state.
mssql-1  | 2026-08-12T15:32:54.187145322Z 
2026-08-12 15:32:54.18 spid26s     The Database Mirroring endpoint is in disabled or stopped state.
mssql-1  | 2026-08-12T15:32:54.189444553Z 
2026-08-12 15:32:54.18 spid7s      Recovery is complete. This is an informational message only. No user action is required.
mssql-1  | 2026-08-12T15:32:54.222496420Z 
2026-08-12 15:32:54.21 spid26s     Service Broker manager has started.
mssql-1  | 2026-08-12T15:32:54.263427414Z 
2026-08-12T15:32:54.263Z [dotnet /app/ASDE.Dotnet.dll] [178] ASDE.Dotnet starting up
mssql-1  | 2026-08-12T15:32:54.267945792Z 2026-08-12T15:32:54.267Z [dotnet /app/ASDE.Dotnet.dll] [178] MSSQL_LCID: 
mssql-1  | 2026-08-12T15:32:54.292041476Z 2026-08-12 15:32:54.28 spid17s     The default language (LCID 0) has been set for engine and full-text services.
mssql-1  | 2026-08-12T15:32:54.314862765Z 
2026-08-12T15:32:54.314Z [dotnet /app/ASDE.Dotnet.dll] [178] Creating ASA Job Manager with: OfflineEdgeHubClientWrapper
mssql-1  | 2026-08-12T15:32:54.421316964Z 2026-08-12T15:32:54.419Z [dotnet /app/ASDE.Dotnet.dll] [178] Initializing ASA Job Manager
mssql-1  | 2026-08-12T15:32:54.450644631Z 2026-08-12T15:32:54.450Z [dotnet /app/ASDE.Dotnet.dll] [178] ASDE.Dotnet entering main loop.
mssql-1  | 2026-08-12T15:32:54.450670182Z 2026-08-12T15:32:54.450Z [dotnet /app/ASDE.Dotnet.dll] [178] Satellite listener exists. Starting ASASatelliteService.
mssql-1  | 2026-08-12T15:32:54.455575604Z 2026-08-12T15:32:54.455Z [dotnet /app/ASDE.Dotnet.dll] [178] Waiting for next message
mssql-1  | 2026-08-12T15:32:54.824505955Z 2026-08-12T15:32:54.823Z [dotnet /app/ASDE.Dotnet.dll] [178] Waiting for next message
mssql-1  | 2026-08-12T15:32:54.952627663Z 2026-08-12T15:32:54.952Z [dotnet /app/ASDE.Dotnet.dll] [178] Operation: NotifyJobsRecovered
mssql-1  | 2026-08-12T15:32:54.956283751Z 2026-08-12T15:32:54.956Z [dotnet /app/ASDE.Dotnet.dll] [178] Job recovery notification received.
mssql-1  | 2026-08-12T15:32:54.957897027Z 2026-08-12T15:32:54.957Z [dotnet /app/ASDE.Dotnet.dll] [178] Operation: NotifyJobsRecovered success: True. message: 
mssql-1  | 2026-08-12T15:32:54.976513479Z 2026-08-12T15:32:54.976Z [dotnet /app/ASDE.Dotnet.dll] [178] Sending response message for d03c305f-5603-4b1a-a427-30537554ef72 with length: 162
mssql-1  | 2026-08-12T15:32:54.977329848Z 2026/08/12 15:32:54 [launchpad] [bbcdb4a7] [00000001] INFO: Received packet of type 8 [MessageTypeServiceStart]
mssql-1  | 2026-08-12T15:32:54.977654309Z 2026/08/12 15:32:54 [launchpad] [bbcdb4a7] [00000001] INFO: Packet header: &{Version:1 TypeAndEndOfMessageBit:32776 PacketSizeInBytes:452 SessionID:0b69cc1c-cf9c-4725-b52a-fccf1f3a038e}
mssql-1  | 2026-08-12T15:32:54.978491959Z 2026/08/12 15:32:54 [launchpad] [bbcdb4a7] [0b69cc1c] INFO: Start processPacketLoop for SessionID: 0b69cc1c-cf9c-4725-b52a-fccf1f3a038e
mssql-1  | 2026-08-12T15:32:54.978509109Z 2026/08/12 15:32:54 [launchpad] [bbcdb4a7] [0b69cc1c] INFO: Launching satellite for SessionID: 0b69cc1c-cf9c-4725-b52a-fccf1f3a038e
mssql-1  | 2026-08-12T15:32:54.978521920Z 2026/08/12 15:32:54 [launchpad] [bbcdb4a7] [0b69cc1c] INFO: Cleaning up prior external service lifetime for groups map[]
mssql-1  | 2026-08-12T15:32:54.978532770Z 2026/08/12 15:32:54 [launchpad] [bbcdb4a7] [0b69cc1c] INFO: Cleanup of prior external service lifetime complete
mssql-1  | 2026-08-12T15:32:54.978544740Z 2026/08/12 15:32:54 [launchpad] [bbcdb4a7] [0b69cc1c] INFO: Starting script /opt/mssql-extensibility/bin/predicthost 0b69cc1c-cf9c-4725-b52a-fccf1f3a038e
mssql-1  | 2026-08-12T15:32:54.980563541Z 2026/08/12 15:32:54 [launchpad] [bbcdb4a7] [0b69cc1c] INFO: Sending message of type 3 [MessageTypeResumeWithLogin], SessionID:0b69cc1c-cf9c-4725-b52a-fccf1f3a038e
mssql-1  | 2026-08-12T15:32:54.980589582Z 2026/08/12 15:32:54 [launchpad] [bbcdb4a7] [0b69cc1c] INFO: Sent message of type 3 [MessageTypeResumeWithLogin], SessionID:0b69cc1c-cf9c-4725-b52a-fccf1f3a038e
mssql-1  | 2026-08-12T15:32:54.980613943Z 2026/08/12 15:32:54 [launchpad] [bbcdb4a7] [0b69cc1c] INFO: Done processing the packet of type 8 [MessageTypeServiceStart]
mssql-1  | 2026-08-12T15:32:55.150928218Z 2026/08/12 15:32:55 [launchpadd] [bbcdb4a7] INFO: Received packet of type 17 [MessageTypeXdbDataPackageStart]
mssql-1  | 2026-08-12T15:32:55.150954603Z 2026/08/12 15:32:55 [launchpadd] [bbcdb4a7] INFO: Packet header: &{Version:1 TypeAndEndOfMessageBit:32785 PacketSizeInBytes:310 SessionID:b7023dba-f7c8-4bed-8d16-00ca00ebf97a}
mssql-1  | 2026-08-12T15:32:55.150973640Z 2026/08/12 15:32:55 [launchpadd] [bbcdb4a7] INFO: DataPackageStart message is received with package GUID=760d2f80-81ba-45fe-972a-0085bb3fcd0e, SandboxFileMappingEntryCount=0, Configuration=6.
mssql-1  | 2026-08-12T15:32:55.447190542Z 2026/08/12 15:32:55 [launchpadd] [760d2f80] INFO: Sending message of type 19 [MessageTypeXdbPackageResume], SessionID:b7023dba-f7c8-4bed-8d16-00ca00ebf97a
mssql-1  | 2026-08-12T15:32:55.447518220Z 2026/08/12 15:32:55 [launchpadd] [760d2f80] INFO: Sent message of type 19 [MessageTypeXdbPackageResume], SessionID:b7023dba-f7c8-4bed-8d16-00ca00ebf97a
mssql-1  | 2026-08-12T15:32:55.448032342Z 2026/08/12 15:32:55 [launchpadd] [760d2f80] INFO: Received packet of type 12 [MessageTypeAck]
mssql-1  | 2026-08-12T15:32:55.448054738Z 2026/08/12 15:32:55 [launchpadd] [760d2f80] INFO: Packet header: &{Version:1 TypeAndEndOfMessageBit:32780 PacketSizeInBytes:28 SessionID:760d2f80-81ba-45fe-972a-0085bb3fcd0e}
mssql-1  | 2026-08-12T15:32:55.448066145Z 2026/08/12 15:32:55 [launchpadd] [760d2f80] INFO: Starting launchpad for 760d2f80-81ba-45fe-972a-0085bb3fcd0e
mssql-1  | 2026-08-12T15:32:55.448328805Z 2026/08/12 15:32:55 [launchpadd] [760d2f80] INFO: Create sandbox directory /var/opt/mssql-extensibility/data/760d2f80-81ba-45fe-972a-0085bb3fcd0e  with uid= 10001 gid= 0 perms= -rwxrwxr-x
mssql-1  | 2026-08-12T15:32:55.449089141Z 2026/08/12 15:32:55 [launchpadd] [760d2f80] INFO: Change owner and permissions for sandbox directory /var/opt/mssql-extensibility/data/760d2f80-81ba-45fe-972a-0085bb3fcd0e uid= 10001 gid= 0 perms= -rwxrwxr-x
mssql-1  | 2026-08-12T15:32:55.449420667Z 2026/08/12 15:32:55 [launchpadd] [760d2f80] INFO: mountExtMgmtPaths
mssql-1  | 2026-08-12T15:32:55.449436414Z 2026/08/12 15:32:55 [launchpadd] [760d2f80] INFO: env var EXT_MGR_PATH_COUNT not set: strconv.Atoi: parsing "": invalid syntax 
mssql-1  | 2026-08-12T15:32:55.449450902Z 2026/08/12 15:32:55 [launchpadd] [760d2f80] INFO: Mount external language or library paths, EXT_MGR_PATH_COUNT=0 
mssql-1  | 2026-08-12T15:32:55.449487155Z 2026/08/12 15:32:55 [launchpadd] [760d2f80] INFO: In no isolation mode, running /opt/mssql-extensibility/bin/launchpad with args [-launcher rxLibs/x64/libRLauncher.so:rxLibs/libPythonLauncher.so -hostname 127.0.0.1 -sandboxWorkingDir /var/opt/mssql-extensibility/data/760d2f80-81ba-45fe-972a-0085bb3fcd0e -reparentOrphanedDescendants=true -useDefaultLaunchers=false]
mssql-1  | 2026-08-12T15:32:55.450005336Z 2026/08/12 15:32:55 [launchpadd] [760d2f80] INFO: Started launchpad with pid:203
mssql-1  | 2026-08-12T15:32:55.457770707Z 2026/08/12 15:32:55 [launchpad] [760d2f80] WARNING: PopulateLauncher failed: Library rxLibs/x64/libRLauncher.so not loaded. Error: rxLibs/x64/libRLauncher.so: cannot open shared object file: No such file or directory
mssql-1  | 2026-08-12T15:32:55.457794992Z 2026/08/12 15:32:55 [launchpad] [760d2f80] WARNING: PopulateLauncher failed: Library rxLibs/libPythonLauncher.so not loaded. Error: rxLibs/libPythonLauncher.so: cannot open shared object file: No such file or directory
mssql-1  | 2026-08-12T15:32:55.459676164Z 2026/08/12 15:32:55 [launchpad] [760d2f80] INFO: Launchpad is connecting to mssql on 127.0.0.1:14300
mssql-1  | 2026-08-12T15:32:55.469046889Z 2026/08/12 15:32:55 [launchpad] [760d2f80] INFO: Setting PR_SET_CHILD_SUBREAPER
mssql-1  | 2026-08-12T15:32:55.469628409Z 2026/08/12 15:32:55 [launchpad] [760d2f80] INFO: Received packet of type 8 [MessageTypeServiceStart]
mssql-1  | 2026-08-12T15:32:55.469648355Z 2026/08/12 15:32:55 [launchpad] [760d2f80] INFO: Packet header: &{Version:1 TypeAndEndOfMessageBit:32776 PacketSizeInBytes:446 SessionID:00000001-0000-002a-0000-080000000100}
mssql-1  | 2026-08-12T15:32:55.469663892Z 2026/08/12 15:32:55 [launchpad] [760d2f80] [00000001] INFO: Start processPacketLoop for SessionID: 00000001-0000-002a-0000-080000000100
mssql-1  | 2026-08-12T15:32:55.469777340Z 2026/08/12 15:32:55 [launchpad] [760d2f80] [00000001] INFO: Launching satellite for SessionID: 00000001-0000-002a-0000-080000000100
mssql-1  | 2026-08-12T15:32:55.470147640Z 2026/08/12 15:32:55 [launchpad] [760d2f80] [00000001] INFO: Cleaning up prior external service lifetime for groups map[]
mssql-1  | 2026-08-12T15:32:55.470167026Z 2026/08/12 15:32:55 [launchpad] [760d2f80] [00000001] INFO: Cleanup of prior external service lifetime complete
mssql-1  | 2026-08-12T15:32:55.470487145Z 2026/08/12 15:32:55 [launchpad] [760d2f80] [00000001] INFO: Starting script dotnet /app/sqlceip/EdgeTelemetry.dll 00000001-0000-002a-0000-080000000100
mssql-1  | 2026-08-12T15:32:55.472437184Z 2026/08/12 15:32:55 [launchpad] [760d2f80] [00000001] INFO: Sending message of type 3 [MessageTypeResumeWithLogin], SessionID:00000001-0000-002a-0000-080000000100
mssql-1  | 2026-08-12T15:32:55.477865840Z 2026/08/12 15:32:55 [launchpad] [760d2f80] [00000001] INFO: Sent message of type 3 [MessageTypeResumeWithLogin], SessionID:00000001-0000-002a-0000-080000000100
mssql-1  | 2026-08-12T15:32:55.477887186Z 2026/08/12 15:32:55 [launchpad] [760d2f80] [00000001] INFO: Done processing the packet of type 8 [MessageTypeServiceStart]
mssql-1  | 2026-08-12T15:32:55.549992003Z 2026-08-12T15:32:55.549Z [dotnet /app/sqlceip/EdgeTelemetry.dll] [208] EdgeTelemetry starting up
mssql-1  | 2026-08-12T15:33:28.412145124Z 2026-08-12 15:33:28.40 spid51      Attempting to load library 'xplog70.dll' into memory. This is an informational message only. No user action is required.
mssql-1  | 2026-08-12T15:33:28.429668592Z 
2026-08-12 15:33:28.42 spid51      Using 'xplog70.dll' version '2022.160.5100' to execute extended stored procedure 'xp_msver'. This is an informational message only; no user action is required.
mssql-1  | 2026-08-12T15:33:33.042926810Z 
2026-08-12 15:33:33.03 Logon       Error: 18456, Severity: 14, State: 38.
mssql-1  | 2026-08-12T15:33:33.043051802Z 
2026-08-12 15:33:33.03 Logon       Login failed for user 'sa'. Reason: Failed to open the explicitly specified database 'ViciOneServiceBusUnitTests_v12_2015'. [CLIENT: 172.19.0.1]
mssql-1  | 2026-08-12T15:33:33.110108313Z 
2026-08-12 15:33:33.09 spid51      [DBMgr::FindFreeDatabaseID] Next available DbId EX locked: 5
mssql-1  | 2026-08-12T15:33:33.233157871Z 
2026-08-12 15:33:33.22 spid51      [5]. Feature Status: PVS: 0. CTR: 0. ConcurrentPFSUpdate: 1. ConcurrentGAMUpdate: 0. ConcurrentSGAMUpdate: 0, CleanupUnderUserTransaction: 0. TranLevelPVS: 0
mssql-1  | 2026-08-12T15:33:33.234247503Z 
2026-08-12 15:33:33.22 spid51      Starting up database 'ViciOneServiceBusUnitTests_v12_2015'.
mssql-1  | 2026-08-12T15:33:33.266364790Z 
2026-08-12 15:33:33.25 spid51      Parallel redo is started for database 'ViciOneServiceBusUnitTests_v12_2015' with worker pool size [1].
mssql-1  | 2026-08-12T15:33:33.280611721Z 
2026-08-12 15:33:33.26 spid51      Parallel redo is shutdown for database 'ViciOneServiceBusUnitTests_v12_2015' with worker pool size [1].
mssql-1  | 2026-08-12T15:33:33.328009133Z 
2026-08-12 15:33:33.31 spid51      WPRBucketTableAccess::Create: Created wpr table wpr_bucket_table on dbid 5.
mssql-1  | 2026-08-12T15:33:33.363372348Z 
2026-08-12 15:33:33.35 spid51      Setting database option READ_COMMITTED_SNAPSHOT to ON for database 'ViciOneServiceBusUnitTests_v12_2015'.
mssql-1  | 2026-08-12T15:33:33.399604972Z 
RecoveryUnit::Shutdown. IsOnline: 02026-08-12 15:33:33.38 spid51      [5]. Feature Status: PVS: 0. CTR: 0. ConcurrentPFSUpdate: 1. ConcurrentGAMUpdate: 0. ConcurrentSGAMUpdate: 0, CleanupUnderUserTransaction: 0. TranLevelPVS: 0
mssql-1  | 2026-08-12T15:33:33.401280558Z 
2026-08-12 15:33:33.38 spid51      Starting up database 'ViciOneServiceBusUnitTests_v12_2015'.
mssql-1  | 2026-08-12T15:33:33.434597204Z 
2026-08-12 15:33:33.42 spid51      Parallel redo is started for database 'ViciOneServiceBusUnitTests_v12_2015' with worker pool size [1].
mssql-1  | 2026-08-12T15:33:33.469372854Z 
2026-08-12 15:33:33.45 spid20s     Parallel redo is shutdown for database 'ViciOneServiceBusUnitTests_v12_2015' with worker pool size [1].
mssql-1  | 2026-08-12T15:33:41.720476431Z 
2026-08-12 15:33:41.71 spid51      Setting database option SINGLE_USER to ON for database 'ViciOneServiceBusUnitTests_v12_2015'.
mssql-1  | 2026-08-12T15:33:41.807236570Z 
[DBMgr::EnqueueDbFileDeletes] enqueueing file for delete '/var/opt/mssql/data/ViciOneServiceBusUnitTests_v12_2015.mdf'.[DBMgr::EnqueueDbFileDeletes] enqueueing file for delete '/var/opt/mssql/data/ViciOneServiceBusUnitTests_v12_2015_log.ldf'.RecoveryUnit::Shutdown. IsOnline: 12026-08-12 15:33:41.79 Logon       Error: 18456, Severity: 14, State: 38.
mssql-1  | 2026-08-12T15:33:41.807265730Z 
2026-08-12 15:33:41.79 Logon       Login failed for user 'sa'. Reason: Failed to open the explicitly specified database 'ViciOneServiceBusUnitTests_v12_2015'. [CLIENT: 172.19.0.1]
mssql-1  | 2026-08-12T15:33:41.813038160Z 
2026-08-12 15:33:41.80 spid51      [DBMgr::FindFreeDatabaseID] Next available DbId EX locked: 5
mssql-1  | 2026-08-12T15:33:41.925013297Z 
2026-08-12 15:33:41.91 spid51      [5]. Feature Status: PVS: 0. CTR: 0. ConcurrentPFSUpdate: 1. ConcurrentGAMUpdate: 0. ConcurrentSGAMUpdate: 0, CleanupUnderUserTransaction: 0. TranLevelPVS: 0
mssql-1  | 2026-08-12T15:33:41.926013167Z 
2026-08-12 15:33:41.91 spid51      Starting up database 'ViciOneServiceBusUnitTests_v12_2015'.
mssql-1  | 2026-08-12T15:33:41.959548883Z 
2026-08-12 15:33:41.94 spid51      Parallel redo is started for database 'ViciOneServiceBusUnitTests_v12_2015' with worker pool size [1].
mssql-1  | 2026-08-12T15:33:41.970838709Z 
2026-08-12 15:33:41.95 spid51      Parallel redo is shutdown for database 'ViciOneServiceBusUnitTests_v12_2015' with worker pool size [1].
mssql-1  | 2026-08-12T15:33:42.039893800Z 
2026-08-12 15:33:42.03 spid51      WPRBucketTableAccess::Create: Created wpr table wpr_bucket_table on dbid 5.
mssql-1  | 2026-08-12T15:33:42.067187762Z 
2026-08-12 15:33:42.06 spid51      Setting database option READ_COMMITTED_SNAPSHOT to ON for database 'ViciOneServiceBusUnitTests_v12_2015'.
mssql-1  | 2026-08-12T15:33:42.102413071Z 
RecoveryUnit::Shutdown. IsOnline: 02026-08-12 15:33:42.09 spid51      [5]. Feature Status: PVS: 0. CTR: 0. ConcurrentPFSUpdate: 1. ConcurrentGAMUpdate: 0. ConcurrentSGAMUpdate: 0, CleanupUnderUserTransaction: 0. TranLevelPVS: 0
mssql-1  | 2026-08-12T15:33:42.104570083Z 
2026-08-12 15:33:42.10 spid51      Starting up database 'ViciOneServiceBusUnitTests_v12_2015'.
mssql-1  | 2026-08-12T15:33:42.137617861Z 
2026-08-12 15:33:42.13 spid51      Parallel redo is started for database 'ViciOneServiceBusUnitTests_v12_2015' with worker pool size [1].
mssql-1  | 2026-08-12T15:33:42.178665529Z 
2026-08-12 15:33:42.17 spid16s     Parallel redo is shutdown for database 'ViciOneServiceBusUnitTests_v12_2015' with worker pool size [1].
mssql-1  | 2026-08-12T15:33:50.343126729Z 
2026-08-12 15:33:50.33 spid51      Setting database option SINGLE_USER to ON for database 'ViciOneServiceBusUnitTests_v12_2015'.
mssql-1  | 2026-08-12T15:33:50.912598440Z 
[DBMgr::EnqueueDbFileDeletes] enqueueing file for delete '/var/opt/mssql/data/ViciOneServiceBusUnitTests_v12_2015.mdf'.[DBMgr::EnqueueDbFileDeletes] enqueueing file for delete '/var/opt/mssql/data/ViciOneServiceBusUnitTests_v12_2015_log.ldf'.RecoveryUnit::Shutdown. IsOnline: 12026-08-12 15:33:50.90 Logon       Error: 18456, Severity: 14, State: 38.
mssql-1  | 2026-08-12T15:33:50.912631595Z 
2026-08-12 15:33:50.90 Logon       Login failed for user 'sa'. Reason: Failed to open the explicitly specified database 'ViciOneServiceBusUnitTests_v12_2015'. [CLIENT: 172.19.0.1]
mssql-1  | 2026-08-12T15:33:50.917608763Z 
2026-08-12 15:33:50.90 spid51      [DBMgr::FindFreeDatabaseID] Next available DbId EX locked: 5
mssql-1  | 2026-08-12T15:33:51.028159190Z 
2026-08-12 15:33:51.01 spid51      [5]. Feature Status: PVS: 0. CTR: 0. ConcurrentPFSUpdate: 1. ConcurrentGAMUpdate: 0. ConcurrentSGAMUpdate: 0, CleanupUnderUserTransaction: 0. TranLevelPVS: 0
mssql-1  | 2026-08-12T15:33:51.029445088Z 
2026-08-12 15:33:51.01 spid51      Starting up database 'ViciOneServiceBusUnitTests_v12_2015'.
mssql-1  | 2026-08-12T15:33:51.063033211Z 
2026-08-12 15:33:51.05 spid51      Parallel redo is started for database 'ViciOneServiceBusUnitTests_v12_2015' with worker pool size [1].
mssql-1  | 2026-08-12T15:33:51.074090657Z 
2026-08-12 15:33:51.06 spid51      Parallel redo is shutdown for database 'ViciOneServiceBusUnitTests_v12_2015' with worker pool size [1].
mssql-1  | 2026-08-12T15:33:51.169233148Z 
2026-08-12 15:33:51.15 spid51      WPRBucketTableAccess::Create: Created wpr table wpr_bucket_table on dbid 5.
mssql-1  | 2026-08-12T15:33:51.200128538Z 
2026-08-12 15:33:51.18 spid51      Setting database option READ_COMMITTED_SNAPSHOT to ON for database 'ViciOneServiceBusUnitTests_v12_2015'.
mssql-1  | 2026-08-12T15:33:51.240261132Z 
RecoveryUnit::Shutdown. IsOnline: 02026-08-12 15:33:51.22 spid51      [5]. Feature Status: PVS: 0. CTR: 0. ConcurrentPFSUpdate: 1. ConcurrentGAMUpdate: 0. ConcurrentSGAMUpdate: 0, CleanupUnderUserTransaction: 0. TranLevelPVS: 0
mssql-1  | 2026-08-12T15:33:51.241654305Z 
2026-08-12 15:33:51.22 spid51      Starting up database 'ViciOneServiceBusUnitTests_v12_2015'.
mssql-1  | 2026-08-12T15:33:51.274331818Z 
2026-08-12 15:33:51.26 spid51      Parallel redo is started for database 'ViciOneServiceBusUnitTests_v12_2015' with worker pool size [1].
mssql-1  | 2026-08-12T15:33:51.309126521Z 
2026-08-12 15:33:51.29 spid20s     Parallel redo is shutdown for database 'ViciOneServiceBusUnitTests_v12_2015' with worker pool size [1].
mssql-1  | 2026-08-12T15:33:51.453889237Z 
2026-08-12 15:33:51.44 spid51      Setting database option SINGLE_USER to ON for database 'ViciOneServiceBusUnitTests_v12_2015'.
mssql-1  | 2026-08-12T15:33:51.514037400Z 
[DBMgr::EnqueueDbFileDeletes] enqueueing file for delete '/var/opt/mssql/data/ViciOneServiceBusUnitTests_v12_2015.mdf'.[DBMgr::EnqueueDbFileDeletes] enqueueing file for delete '/var/opt/mssql/data/ViciOneServiceBusUnitTests_v12_2015_log.ldf'.RecoveryUnit::Shutdown. IsOnline: 12026-08-12 15:33:51.50 Logon       Error: 18456, Severity: 14, State: 38.
mssql-1  | 2026-08-12T15:33:51.514290768Z 
2026-08-12 15:33:51.50 Logon       Login failed for user 'sa'. Reason: Failed to open the explicitly specified database 'ViciOneServiceBusUnitTests_v12_2015'. [CLIENT: 172.19.0.1]
mssql-1  | 2026-08-12T15:33:51.517939657Z 
2026-08-12 15:33:51.50 spid51      [DBMgr::FindFreeDatabaseID] Next available DbId EX locked: 5
mssql-1  | 2026-08-12T15:33:51.617398930Z 
2026-08-12 15:33:51.60 spid51      [5]. Feature Status: PVS: 0. CTR: 0. ConcurrentPFSUpdate: 1. ConcurrentGAMUpdate: 0. ConcurrentSGAMUpdate: 0, CleanupUnderUserTransaction: 0. TranLevelPVS: 0
mssql-1  | 2026-08-12T15:33:51.618389559Z 
2026-08-12 15:33:51.60 spid51      Starting up database 'ViciOneServiceBusUnitTests_v12_2015'.
mssql-1  | 2026-08-12T15:33:51.650996373Z 
2026-08-12 15:33:51.63 spid51      Parallel redo is started for database 'ViciOneServiceBusUnitTests_v12_2015' with worker pool size [1].
mssql-1  | 2026-08-12T15:33:51.661625279Z 
2026-08-12 15:33:51.65 spid51      Parallel redo is shutdown for database 'ViciOneServiceBusUnitTests_v12_2015' with worker pool size [1].
mssql-1  | 2026-08-12T15:33:51.750219726Z 
2026-08-12 15:33:51.73 spid51      WPRBucketTableAccess::Create: Created wpr table wpr_bucket_table on dbid 5.
mssql-1  | 2026-08-12T15:33:51.779901108Z 
2026-08-12 15:33:51.76 spid51      Setting database option READ_COMMITTED_SNAPSHOT to ON for database 'ViciOneServiceBusUnitTests_v12_2015'.
mssql-1  | 2026-08-12T15:33:51.821847356Z 
RecoveryUnit::Shutdown. IsOnline: 02026-08-12 15:33:51.81 spid51      [5]. Feature Status: PVS: 0. CTR: 0. ConcurrentPFSUpdate: 1. ConcurrentGAMUpdate: 0. ConcurrentSGAMUpdate: 0, CleanupUnderUserTransaction: 0. TranLevelPVS: 0
mssql-1  | 2026-08-12T15:33:51.823637117Z 
2026-08-12 15:33:51.81 spid51      Starting up database 'ViciOneServiceBusUnitTests_v12_2015'.
mssql-1  | 2026-08-12T15:33:51.855966879Z 
2026-08-12 15:33:51.84 spid51      Parallel redo is started for database 'ViciOneServiceBusUnitTests_v12_2015' with worker pool size [1].
mssql-1  | 2026-08-12T15:33:51.880952619Z 
2026-08-12 15:33:51.86 spid16s     Parallel redo is shutdown for database 'ViciOneServiceBusUnitTests_v12_2015' with worker pool size [1].
mssql-1  | 2026-08-12T15:33:52.060462108Z 
2026-08-12 15:33:52.05 spid51      Setting database option SINGLE_USER to ON for database 'ViciOneServiceBusUnitTests_v12_2015'.
mssql-1  | 2026-08-12T15:33:52.430605301Z 
[DBMgr::EnqueueDbFileDeletes] enqueueing file for delete '/var/opt/mssql/data/ViciOneServiceBusUnitTests_v12_2015.mdf'.[DBMgr::EnqueueDbFileDeletes] enqueueing file for delete '/var/opt/mssql/data/ViciOneServiceBusUnitTests_v12_2015_log.ldf'.RecoveryUnit::Shutdown. IsOnline: 12026-08-12 15:33:52.42 Logon       Error: 18456, Severity: 14, State: 38.
mssql-1  | 2026-08-12T15:33:52.430631218Z 
2026-08-12 15:33:52.42 Logon       Login failed for user 'sa'. Reason: Failed to open the explicitly specified database 'ViciOneServiceBusUnitTests_v12_2015'. [CLIENT: 172.19.0.1]
mssql-1  | 2026-08-12T15:33:52.433891859Z 
2026-08-12 15:33:52.42 spid51      [DBMgr::FindFreeDatabaseID] Next available DbId EX locked: 5
mssql-1  | 2026-08-12T15:33:52.539267146Z 
2026-08-12 15:33:52.52 spid51      [5]. Feature Status: PVS: 0. CTR: 0. ConcurrentPFSUpdate: 1. ConcurrentGAMUpdate: 0. ConcurrentSGAMUpdate: 0, CleanupUnderUserTransaction: 0. TranLevelPVS: 0
mssql-1  | 2026-08-12T15:33:52.539297055Z 
2026-08-12 15:33:52.52 spid51      Starting up database 'ViciOneServiceBusUnitTests_v12_2015'.
mssql-1  | 2026-08-12T15:33:52.562069640Z 
2026-08-12 15:33:52.55 spid51      Parallel redo is started for database 'ViciOneServiceBusUnitTests_v12_2015' with worker pool size [1].
mssql-1  | 2026-08-12T15:33:52.568736475Z 
2026-08-12 15:33:52.56 spid51      Parallel redo is shutdown for database 'ViciOneServiceBusUnitTests_v12_2015' with worker pool size [1].
mssql-1  | 2026-08-12T15:33:52.706854481Z 
2026-08-12 15:33:52.69 spid51      WPRBucketTableAccess::Create: Created wpr table wpr_bucket_table on dbid 5.
mssql-1  | 2026-08-12T15:33:52.757301996Z 
2026-08-12 15:33:52.75 spid51      Setting database option READ_COMMITTED_SNAPSHOT to ON for database 'ViciOneServiceBusUnitTests_v12_2015'.
mssql-1  | 2026-08-12T15:33:52.814489123Z 
RecoveryUnit::Shutdown. IsOnline: 02026-08-12 15:33:52.80 spid51      [5]. Feature Status: PVS: 0. CTR: 0. ConcurrentPFSUpdate: 1. ConcurrentGAMUpdate: 0. ConcurrentSGAMUpdate: 0, CleanupUnderUserTransaction: 0. TranLevelPVS: 0
mssql-1  | 2026-08-12T15:33:52.816858868Z 
2026-08-12 15:33:52.81 spid51      Starting up database 'ViciOneServiceBusUnitTests_v12_2015'.
mssql-1  | 2026-08-12T15:33:52.845363335Z 
2026-08-12 15:33:52.83 spid51      Parallel redo is started for database 'ViciOneServiceBusUnitTests_v12_2015' with worker pool size [1].
mssql-1  | 2026-08-12T15:33:52.897810130Z 
2026-08-12 15:33:52.88 spid16s     Parallel redo is shutdown for database 'ViciOneServiceBusUnitTests_v12_2015' with worker pool size [1].
mssql-1  | 2026-08-12T15:33:53.003978609Z 
2026-08-12 15:33:53.00 spid51      Setting database option SINGLE_USER to ON for database 'ViciOneServiceBusUnitTests_v12_2015'.
mssql-1  | 2026-08-12T15:33:53.069606904Z 
[DBMgr::EnqueueDbFileDeletes] enqueueing file for delete '/var/opt/mssql/data/ViciOneServiceBusUnitTests_v12_2015.mdf'.[DBMgr::EnqueueDbFileDeletes] enqueueing file for delete '/var/opt/mssql/data/ViciOneServiceBusUnitTests_v12_2015_log.ldf'.RecoveryUnit::Shutdown. IsOnline: 12026-08-12 15:33:53.06 Logon       Error: 18456, Severity: 14, State: 38.
mssql-1  | 2026-08-12T15:33:53.069636174Z 
2026-08-12 15:33:53.06 Logon       Login failed for user 'sa'. Reason: Failed to open the explicitly specified database 'ViciOneServiceBusUnitTests_v12_2015'. [CLIENT: 172.19.0.1]
mssql-1  | 2026-08-12T15:33:53.074722538Z 
2026-08-12 15:33:53.07 spid51      [DBMgr::FindFreeDatabaseID] Next available DbId EX locked: 5
mssql-1  | 2026-08-12T15:33:53.183650117Z 
2026-08-12 15:33:53.18 spid51      [5]. Feature Status: PVS: 0. CTR: 0. ConcurrentPFSUpdate: 1. ConcurrentGAMUpdate: 0. ConcurrentSGAMUpdate: 0, CleanupUnderUserTransaction: 0. TranLevelPVS: 0
mssql-1  | 2026-08-12T15:33:53.184630726Z 
2026-08-12 15:33:53.18 spid51      Starting up database 'ViciOneServiceBusUnitTests_v12_2015'.
mssql-1  | 2026-08-12T15:33:53.222523779Z 
2026-08-12 15:33:53.22 spid51      Parallel redo is started for database 'ViciOneServiceBusUnitTests_v12_2015' with worker pool size [1].
mssql-1  | 2026-08-12T15:33:53.234720885Z 
2026-08-12 15:33:53.23 spid51      Parallel redo is shutdown for database 'ViciOneServiceBusUnitTests_v12_2015' with worker pool size [1].
mssql-1  | 2026-08-12T15:33:53.342005014Z 
2026-08-12 15:33:53.34 spid51      WPRBucketTableAccess::Create: Created wpr table wpr_bucket_table on dbid 5.
mssql-1  | 2026-08-12T15:33:53.381445866Z 
2026-08-12 15:33:53.38 spid51      Setting database option READ_COMMITTED_SNAPSHOT to ON for database 'ViciOneServiceBusUnitTests_v12_2015'.
mssql-1  | 2026-08-12T15:33:53.431977034Z 
RecoveryUnit::Shutdown. IsOnline: 02026-08-12 15:33:53.43 spid51      [5]. Feature Status: PVS: 0. CTR: 0. ConcurrentPFSUpdate: 1. ConcurrentGAMUpdate: 0. ConcurrentSGAMUpdate: 0, CleanupUnderUserTransaction: 0. TranLevelPVS: 0
mssql-1  | 2026-08-12T15:33:53.434351459Z 
2026-08-12 15:33:53.43 spid51      Starting up database 'ViciOneServiceBusUnitTests_v12_2015'.
mssql-1  | 2026-08-12T15:33:53.470278044Z 
2026-08-12 15:33:53.46 spid51      Parallel redo is started for database 'ViciOneServiceBusUnitTests_v12_2015' with worker pool size [1].
mssql-1  | 2026-08-12T15:33:53.503068489Z 
2026-08-12 15:33:53.50 spid15s     Parallel redo is shutdown for database 'ViciOneServiceBusUnitTests_v12_2015' with worker pool size [1].
mssql-1  | 2026-08-12T15:33:53.600677967Z 
2026-08-12 15:33:53.60 spid51      Setting database option SINGLE_USER to ON for database 'ViciOneServiceBusUnitTests_v12_2015'.
mssql-1  | 2026-08-12T15:33:53.799272473Z 
[DBMgr::EnqueueDbFileDeletes] enqueueing file for delete '/var/opt/mssql/data/ViciOneServiceBusUnitTests_v12_2015.mdf'.[DBMgr::EnqueueDbFileDeletes] enqueueing file for delete '/var/opt/mssql/data/ViciOneServiceBusUnitTests_v12_2015_log.ldf'.RecoveryUnit::Shutdown. IsOnline: 12026-08-12 15:33:53.79 Logon       Error: 18456, Severity: 14, State: 38.
mssql-1  | 2026-08-12T15:33:53.799302724Z 
2026-08-12 15:33:53.79 Logon       Login failed for user 'sa'. Reason: Failed to open the explicitly specified database 'ViciOneServiceBusUnitTests_v12_2015'. [CLIENT: 172.19.0.1]
mssql-1  | 2026-08-12T15:33:53.807634465Z 
2026-08-12 15:33:53.80 spid51      [DBMgr::FindFreeDatabaseID] Next available DbId EX locked: 5
mssql-1  | 2026-08-12T15:33:53.909703456Z 
2026-08-12 15:33:53.91 spid51      [5]. Feature Status: PVS: 0. CTR: 0. ConcurrentPFSUpdate: 1. ConcurrentGAMUpdate: 0. ConcurrentSGAMUpdate: 0, CleanupUnderUserTransaction: 0. TranLevelPVS: 0
mssql-1  | 2026-08-12T15:33:53.910688687Z 
2026-08-12 15:33:53.91 spid51      Starting up database 'ViciOneServiceBusUnitTests_v12_2015'.
mssql-1  | 2026-08-12T15:33:53.943464076Z 
2026-08-12 15:33:53.93 spid51      Parallel redo is started for database 'ViciOneServiceBusUnitTests_v12_2015' with worker pool size [1].
mssql-1  | 2026-08-12T15:33:53.953622799Z 
2026-08-12 15:33:53.94 spid51      Parallel redo is shutdown for database 'ViciOneServiceBusUnitTests_v12_2015' with worker pool size [1].
mssql-1  | 2026-08-12T15:33:53.984229912Z 
2026-08-12 15:33:53.97 spid51      WPRBucketTableAccess::Create: Created wpr table wpr_bucket_table on dbid 5.
mssql-1  | 2026-08-12T15:33:54.016367611Z 
2026-08-12 15:33:54.00 spid51      Setting database option READ_COMMITTED_SNAPSHOT to ON for database 'ViciOneServiceBusUnitTests_v12_2015'.
mssql-1  | 2026-08-12T15:33:54.051886913Z 
RecoveryUnit::Shutdown. IsOnline: 02026-08-12 15:33:54.03 spid51      [5]. Feature Status: PVS: 0. CTR: 0. ConcurrentPFSUpdate: 1. ConcurrentGAMUpdate: 0. ConcurrentSGAMUpdate: 0, CleanupUnderUserTransaction: 0. TranLevelPVS: 0
mssql-1  | 2026-08-12T15:33:54.052901497Z 
2026-08-12 15:33:54.04 spid51      Starting up database 'ViciOneServiceBusUnitTests_v12_2015'.
mssql-1  | 2026-08-12T15:33:54.082638172Z 
2026-08-12 15:33:54.07 spid51      Parallel redo is started for database 'ViciOneServiceBusUnitTests_v12_2015' with worker pool size [1].
mssql-1  | 2026-08-12T15:33:54.112975560Z 
2026-08-12 15:33:54.09 spid20s     Parallel redo is shutdown for database 'ViciOneServiceBusUnitTests_v12_2015' with worker pool size [1].
mssql-1  | 2026-08-12T15:33:55.121310808Z 
2026-08-12 15:33:55.11 spid51      Setting database option SINGLE_USER to ON for database 'ViciOneServiceBusUnitTests_v12_2015'.
mssql-1  | 2026-08-12T15:33:55.188436294Z 
[DBMgr::EnqueueDbFileDeletes] enqueueing file for delete '/var/opt/mssql/data/ViciOneServiceBusUnitTests_v12_2015.mdf'.[DBMgr::EnqueueDbFileDeletes] enqueueing file for delete '/var/opt/mssql/data/ViciOneServiceBusUnitTests_v12_2015_log.ldf'.RecoveryUnit::Shutdown. IsOnline: 12026-08-12 15:33:55.18 Logon       Error: 18456, Severity: 14, State: 38.
mssql-1  | 2026-08-12T15:33:55.188459111Z 
2026-08-12 15:33:55.18 Logon       Login failed for user 'sa'. Reason: Failed to open the explicitly specified database 'ViciOneServiceBusUnitTests_v12_2015'. [CLIENT: 172.19.0.1]
mssql-1  | 2026-08-12T15:33:55.192252861Z 
2026-08-12 15:33:55.18 spid51      [DBMgr::FindFreeDatabaseID] Next available DbId EX locked: 5
mssql-1  | 2026-08-12T15:33:55.290400597Z 
2026-08-12 15:33:55.28 spid51      [5]. Feature Status: PVS: 0. CTR: 0. ConcurrentPFSUpdate: 1. ConcurrentGAMUpdate: 0. ConcurrentSGAMUpdate: 0, CleanupUnderUserTransaction: 0. TranLevelPVS: 0
mssql-1  | 2026-08-12T15:33:55.291360005Z 
2026-08-12 15:33:55.28 spid51      Starting up database 'ViciOneServiceBusUnitTests_v12_2015'.
mssql-1  | 2026-08-12T15:33:55.325247952Z 
2026-08-12 15:33:55.32 spid51      Parallel redo is started for database 'ViciOneServiceBusUnitTests_v12_2015' with worker pool size [1].
mssql-1  | 2026-08-12T15:33:55.336115345Z 
2026-08-12 15:33:55.33 spid51      Parallel redo is shutdown for database 'ViciOneServiceBusUnitTests_v12_2015' with worker pool size [1].
mssql-1  | 2026-08-12T15:33:55.378104932Z 
2026-08-12 15:33:55.37 spid51      WPRBucketTableAccess::Create: Created wpr table wpr_bucket_table on dbid 5.
mssql-1  | 2026-08-12T15:33:55.405468859Z 
2026-08-12 15:33:55.40 spid51      Setting database option READ_COMMITTED_SNAPSHOT to ON for database 'ViciOneServiceBusUnitTests_v12_2015'.
mssql-1  | 2026-08-12T15:33:55.439190092Z 
RecoveryUnit::Shutdown. IsOnline: 02026-08-12 15:33:55.43 spid51      [5]. Feature Status: PVS: 0. CTR: 0. ConcurrentPFSUpdate: 1. ConcurrentGAMUpdate: 0. ConcurrentSGAMUpdate: 0, CleanupUnderUserTransaction: 0. TranLevelPVS: 0
mssql-1  | 2026-08-12T15:33:55.439973128Z 
2026-08-12 15:33:55.43 spid51      Starting up database 'ViciOneServiceBusUnitTests_v12_2015'.
mssql-1  | 2026-08-12T15:33:55.472422662Z 
2026-08-12 15:33:55.47 spid51      Parallel redo is started for database 'ViciOneServiceBusUnitTests_v12_2015' with worker pool size [1].
mssql-1  | 2026-08-12T15:33:55.505933998Z 
2026-08-12 15:33:55.50 spid17s     Parallel redo is shutdown for database 'ViciOneServiceBusUnitTests_v12_2015' with worker pool size [1].
mssql-1  | 2026-08-12T15:33:55.808065140Z 
2026-08-12 15:33:55.80 spid51      Setting database option SINGLE_USER to ON for database 'ViciOneServiceBusUnitTests_v12_2015'.
mssql-1  | 2026-08-12T15:33:55.874257813Z 
[DBMgr::EnqueueDbFileDeletes] enqueueing file for delete '/var/opt/mssql/data/ViciOneServiceBusUnitTests_v12_2015.mdf'.[DBMgr::EnqueueDbFileDeletes] enqueueing file for delete '/var/opt/mssql/data/ViciOneServiceBusUnitTests_v12_2015_log.ldf'.RecoveryUnit::Shutdown. IsOnline: 12026-08-12 15:33:55.87 Logon       Error: 18456, Severity: 14, State: 38.
mssql-1  | 2026-08-12T15:33:55.874293787Z 
2026-08-12 15:33:55.87 Logon       Login failed for user 'sa'. Reason: Failed to open the explicitly specified database 'ViciOneServiceBusUnitTests_v12_2015'. [CLIENT: 172.19.0.1]
mssql-1  | 2026-08-12T15:33:55.877832638Z 
2026-08-12 15:33:55.87 spid51      [DBMgr::FindFreeDatabaseID] Next available DbId EX locked: 5
mssql-1  | 2026-08-12T15:33:55.989991530Z 
2026-08-12 15:33:55.98 spid51      [5]. Feature Status: PVS: 0. CTR: 0. ConcurrentPFSUpdate: 1. ConcurrentGAMUpdate: 0. ConcurrentSGAMUpdate: 0, CleanupUnderUserTransaction: 0. TranLevelPVS: 0
mssql-1  | 2026-08-12T15:33:55.990788914Z 
2026-08-12 15:33:55.99 spid51      Starting up database 'ViciOneServiceBusUnitTests_v12_2015'.
mssql-1  | 2026-08-12T15:33:56.023084946Z 
2026-08-12 15:33:56.02 spid51      Parallel redo is started for database 'ViciOneServiceBusUnitTests_v12_2015' with worker pool size [1].
mssql-1  | 2026-08-12T15:33:56.032826565Z 
2026-08-12 15:33:56.03 spid51      Parallel redo is shutdown for database 'ViciOneServiceBusUnitTests_v12_2015' with worker pool size [1].
mssql-1  | 2026-08-12T15:33:56.151199661Z 
2026-08-12 15:33:56.14 spid51      WPRBucketTableAccess::Create: Created wpr table wpr_bucket_table on dbid 5.
mssql-1  | 2026-08-12T15:33:56.190319801Z 
2026-08-12 15:33:56.18 spid51      Setting database option READ_COMMITTED_SNAPSHOT to ON for database 'ViciOneServiceBusUnitTests_v12_2015'.
mssql-1  | 2026-08-12T15:33:56.226199966Z 
RecoveryUnit::Shutdown. IsOnline: 02026-08-12 15:33:56.22 spid51      [5]. Feature Status: PVS: 0. CTR: 0. ConcurrentPFSUpdate: 1. ConcurrentGAMUpdate: 0. ConcurrentSGAMUpdate: 0, CleanupUnderUserTransaction: 0. TranLevelPVS: 0
mssql-1  | 2026-08-12T15:33:56.228256877Z 
2026-08-12 15:33:56.22 spid51      Starting up database 'ViciOneServiceBusUnitTests_v12_2015'.
mssql-1  | 2026-08-12T15:33:56.262749929Z 
2026-08-12 15:33:56.25 spid51      Parallel redo is started for database 'ViciOneServiceBusUnitTests_v12_2015' with worker pool size [1].
mssql-1  | 2026-08-12T15:33:56.293405422Z 
2026-08-12 15:33:56.28 spid31s     Parallel redo is shutdown for database 'ViciOneServiceBusUnitTests_v12_2015' with worker pool size [1].
mssql-1  | 2026-08-12T15:33:56.584515985Z 
2026-08-12 15:33:56.57 spid51      Setting database option SINGLE_USER to ON for database 'ViciOneServiceBusUnitTests_v12_2015'.
mssql-1  | 2026-08-12T15:33:56.642703222Z 
[DBMgr::EnqueueDbFileDeletes] enqueueing file for delete '/var/opt/mssql/data/ViciOneServiceBusUnitTests_v12_2015.mdf'.[DBMgr::EnqueueDbFileDeletes] enqueueing file for delete '/var/opt/mssql/data/ViciOneServiceBusUnitTests_v12_2015_log.ldf'.RecoveryUnit::Shutdown. IsOnline: 12026-08-12 15:33:56.63 Logon       Error: 18456, Severity: 14, State: 38.
mssql-1  | 2026-08-12T15:33:56.642731632Z 
2026-08-12 15:33:56.63 Logon       Login failed for user 'sa'. Reason: Failed to open the explicitly specified database 'ViciOneServiceBusUnitTests_v12_2015'. [CLIENT: 172.19.0.1]
mssql-1  | 2026-08-12T15:33:56.646024089Z 
2026-08-12 15:33:56.64 spid51      [DBMgr::FindFreeDatabaseID] Next available DbId EX locked: 5
mssql-1  | 2026-08-12T15:33:56.748018171Z 
2026-08-12 15:33:56.74 spid51      [5]. Feature Status: PVS: 0. CTR: 0. ConcurrentPFSUpdate: 1. ConcurrentGAMUpdate: 0. ConcurrentSGAMUpdate: 0, CleanupUnderUserTransaction: 0. TranLevelPVS: 0
mssql-1  | 2026-08-12T15:33:56.749162750Z 
2026-08-12 15:33:56.74 spid51      Starting up database 'ViciOneServiceBusUnitTests_v12_2015'.
mssql-1  | 2026-08-12T15:33:56.781570622Z 
2026-08-12 15:33:56.77 spid51      Parallel redo is started for database 'ViciOneServiceBusUnitTests_v12_2015' with worker pool size [1].
mssql-1  | 2026-08-12T15:33:56.791877848Z 
2026-08-12 15:33:56.78 spid51      Parallel redo is shutdown for database 'ViciOneServiceBusUnitTests_v12_2015' with worker pool size [1].
mssql-1  | 2026-08-12T15:33:56.907352446Z 
2026-08-12 15:33:56.90 spid51      WPRBucketTableAccess::Create: Created wpr table wpr_bucket_table on dbid 5.
mssql-1  | 2026-08-12T15:33:56.938133333Z 
2026-08-12 15:33:56.93 spid51      Setting database option READ_COMMITTED_SNAPSHOT to ON for database 'ViciOneServiceBusUnitTests_v12_2015'.
mssql-1  | 2026-08-12T15:33:56.967736263Z 
RecoveryUnit::Shutdown. IsOnline: 02026-08-12 15:33:56.96 spid51      [5]. Feature Status: PVS: 0. CTR: 0. ConcurrentPFSUpdate: 1. ConcurrentGAMUpdate: 0. ConcurrentSGAMUpdate: 0, CleanupUnderUserTransaction: 0. TranLevelPVS: 0
mssql-1  | 2026-08-12T15:33:56.971497691Z 
2026-08-12 15:33:56.96 spid51      Starting up database 'ViciOneServiceBusUnitTests_v12_2015'.
mssql-1  | 2026-08-12T15:33:57.000668877Z 
2026-08-12 15:33:56.99 spid51      Parallel redo is started for database 'ViciOneServiceBusUnitTests_v12_2015' with worker pool size [1].
mssql-1  | 2026-08-12T15:33:57.032661314Z 
2026-08-12 15:33:57.02 spid19s     Parallel redo is shutdown for database 'ViciOneServiceBusUnitTests_v12_2015' with worker pool size [1].
mssql-1  | 2026-08-12T15:33:57.148194900Z 
2026-08-12 15:33:57.13 spid51      Setting database option SINGLE_USER to ON for database 'ViciOneServiceBusUnitTests_v12_2015'.
mssql-1  | 2026-08-12T15:33:57.205678764Z 
[DBMgr::EnqueueDbFileDeletes] enqueueing file for delete '/var/opt/mssql/data/ViciOneServiceBusUnitTests_v12_2015.mdf'.[DBMgr::EnqueueDbFileDeletes] enqueueing file for delete '/var/opt/mssql/data/ViciOneServiceBusUnitTests_v12_2015_log.ldf'.RecoveryUnit::Shutdown. IsOnline: 12026-08-12 15:33:57.19 Logon       Error: 18456, Severity: 14, State: 38.
mssql-1  | 2026-08-12T15:33:57.208300680Z 
2026-08-12 15:33:57.19 Logon       Login failed for user 'sa'. Reason: Failed to open the explicitly specified database 'ViciOneServiceBusUnitTests_v12_2015'. [CLIENT: 172.19.0.1]
mssql-1  | 2026-08-12T15:33:57.211684347Z 
2026-08-12 15:33:57.19 spid51      [DBMgr::FindFreeDatabaseID] Next available DbId EX locked: 5
mssql-1  | 2026-08-12T15:33:57.315723930Z 
2026-08-12 15:33:57.30 spid51      [5]. Feature Status: PVS: 0. CTR: 0. ConcurrentPFSUpdate: 1. ConcurrentGAMUpdate: 0. ConcurrentSGAMUpdate: 0, CleanupUnderUserTransaction: 0. TranLevelPVS: 0
mssql-1  | 2026-08-12T15:33:57.316406834Z 
2026-08-12 15:33:57.30 spid51      Starting up database 'ViciOneServiceBusUnitTests_v12_2015'.
mssql-1  | 2026-08-12T15:33:57.349159928Z 
2026-08-12 15:33:57.33 spid51      Parallel redo is started for database 'ViciOneServiceBusUnitTests_v12_2015' with worker pool size [1].
mssql-1  | 2026-08-12T15:33:57.358642368Z 
2026-08-12 15:33:57.34 spid51      Parallel redo is shutdown for database 'ViciOneServiceBusUnitTests_v12_2015' with worker pool size [1].
mssql-1  | 2026-08-12T15:33:57.473703636Z 
2026-08-12 15:33:57.46 spid51      WPRBucketTableAccess::Create: Created wpr table wpr_bucket_table on dbid 5.
mssql-1  | 2026-08-12T15:33:57.496591595Z 
2026-08-12 15:33:57.48 spid51      Setting database option READ_COMMITTED_SNAPSHOT to ON for database 'ViciOneServiceBusUnitTests_v12_2015'.
mssql-1  | 2026-08-12T15:33:57.532746336Z 
RecoveryUnit::Shutdown. IsOnline: 02026-08-12 15:33:57.51 spid51      [5]. Feature Status: PVS: 0. CTR: 0. ConcurrentPFSUpdate: 1. ConcurrentGAMUpdate: 0. ConcurrentSGAMUpdate: 0, CleanupUnderUserTransaction: 0. TranLevelPVS: 0
mssql-1  | 2026-08-12T15:33:57.533658647Z 
2026-08-12 15:33:57.52 spid51      Starting up database 'ViciOneServiceBusUnitTests_v12_2015'.
mssql-1  | 2026-08-12T15:33:57.565871070Z 
2026-08-12 15:33:57.55 spid51      Parallel redo is started for database 'ViciOneServiceBusUnitTests_v12_2015' with worker pool size [1].
mssql-1  | 2026-08-12T15:33:57.600817278Z 
2026-08-12 15:33:57.58 spid16s     Parallel redo is shutdown for database 'ViciOneServiceBusUnitTests_v12_2015' with worker pool size [1].
mssql-1  | 2026-08-12T15:33:57.942318887Z 
2026-08-12 15:33:57.93 spid51      Setting database option SINGLE_USER to ON for database 'ViciOneServiceBusUnitTests_v12_2015'.
mssql-1  | 2026-08-12T15:33:57.879765755Z 
[DBMgr::EnqueueDbFileDeletes] enqueueing file for delete '/var/opt/mssql/data/ViciOneServiceBusUnitTests_v12_2015.mdf'.[DBMgr::EnqueueDbFileDeletes] enqueueing file for delete '/var/opt/mssql/data/ViciOneServiceBusUnitTests_v12_2015_log.ldf'.RecoveryUnit::Shutdown. IsOnline: 12026-08-12 15:33:57.99 Logon       Error: 18456, Severity: 14, State: 38.
mssql-1  | 2026-08-12T15:33:57.880887827Z 
2026-08-12 15:33:57.99 Logon       Login failed for user 'sa'. Reason: Failed to open the explicitly specified database 'ViciOneServiceBusUnitTests_v12_2015'. [CLIENT: 172.19.0.1]
mssql-1  | 2026-08-12T15:33:57.884871259Z 
2026-08-12 15:33:57.99 spid51      [DBMgr::FindFreeDatabaseID] Next available DbId EX locked: 5
mssql-1  | 2026-08-12T15:33:57.984919094Z 
2026-08-12 15:33:58.00 spid51      [5]. Feature Status: PVS: 0. CTR: 0. ConcurrentPFSUpdate: 1. ConcurrentGAMUpdate: 0. ConcurrentSGAMUpdate: 0, CleanupUnderUserTransaction: 0. TranLevelPVS: 0
mssql-1  | 2026-08-12T15:33:57.986934044Z 
2026-08-12 15:33:58.00 spid51      Starting up database 'ViciOneServiceBusUnitTests_v12_2015'.
mssql-1  | 2026-08-12T15:33:58.018817062Z 
2026-08-12 15:33:58.01 spid51      Parallel redo is started for database 'ViciOneServiceBusUnitTests_v12_2015' with worker pool size [1].
mssql-1  | 2026-08-12T15:33:58.029370441Z 
2026-08-12 15:33:58.02 spid51      Parallel redo is shutdown for database 'ViciOneServiceBusUnitTests_v12_2015' with worker pool size [1].
mssql-1  | 2026-08-12T15:33:58.146032930Z 
2026-08-12 15:33:58.14 spid51      WPRBucketTableAccess::Create: Created wpr table wpr_bucket_table on dbid 5.
mssql-1  | 2026-08-12T15:33:58.173766622Z 
2026-08-12 15:33:58.16 spid51      Setting database option READ_COMMITTED_SNAPSHOT to ON for database 'ViciOneServiceBusUnitTests_v12_2015'.
mssql-1  | 2026-08-12T15:33:58.209708333Z 
RecoveryUnit::Shutdown. IsOnline: 02026-08-12 15:33:58.20 spid51      [5]. Feature Status: PVS: 0. CTR: 0. ConcurrentPFSUpdate: 1. ConcurrentGAMUpdate: 0. ConcurrentSGAMUpdate: 0, CleanupUnderUserTransaction: 0. TranLevelPVS: 0
mssql-1  | 2026-08-12T15:33:58.211225673Z 
2026-08-12 15:33:58.20 spid51      Starting up database 'ViciOneServiceBusUnitTests_v12_2015'.
mssql-1  | 2026-08-12T15:33:58.243620772Z 
2026-08-12 15:33:58.23 spid51      Parallel redo is started for database 'ViciOneServiceBusUnitTests_v12_2015' with worker pool size [1].
mssql-1  | 2026-08-12T15:33:58.278239353Z 
2026-08-12 15:33:58.27 spid15s     Parallel redo is shutdown for database 'ViciOneServiceBusUnitTests_v12_2015' with worker pool size [1].
mssql-1  | 2026-08-12T15:33:58.872592617Z 
2026-08-12 15:33:58.86 spid51      Setting database option SINGLE_USER to ON for database 'ViciOneServiceBusUnitTests_v12_2015'.
mssql-1  | 2026-08-12T15:33:59.709446280Z 
[DBMgr::EnqueueDbFileDeletes] enqueueing file for delete '/var/opt/mssql/data/ViciOneServiceBusUnitTests_v12_2015.mdf'.[DBMgr::EnqueueDbFileDeletes] enqueueing file for delete '/var/opt/mssql/data/ViciOneServiceBusUnitTests_v12_2015_log.ldf'.RecoveryUnit::Shutdown. IsOnline: 12026-08-12 15:33:59.70 Logon       Error: 18456, Severity: 14, State: 38.
mssql-1  | 2026-08-12T15:33:59.709475326Z 
2026-08-12 15:33:59.70 Logon       Login failed for user 'sa'. Reason: Failed to open the explicitly specified database 'ViciOneServiceBusUnitTests_v12_2015'. [CLIENT: 172.19.0.1]
mssql-1  | 2026-08-12T15:33:59.713171662Z 
2026-08-12 15:33:59.70 spid51      [DBMgr::FindFreeDatabaseID] Next available DbId EX locked: 5
mssql-1  | 2026-08-12T15:33:59.811919970Z 
2026-08-12 15:33:59.80 spid51      [5]. Feature Status: PVS: 0. CTR: 0. ConcurrentPFSUpdate: 1. ConcurrentGAMUpdate: 0. ConcurrentSGAMUpdate: 0, CleanupUnderUserTransaction: 0. TranLevelPVS: 0
mssql-1  | 2026-08-12T15:33:59.812892034Z 
2026-08-12 15:33:59.80 spid51      Starting up database 'ViciOneServiceBusUnitTests_v12_2015'.
mssql-1  | 2026-08-12T15:33:59.845853217Z 
2026-08-12 15:33:59.83 spid51      Parallel redo is started for database 'ViciOneServiceBusUnitTests_v12_2015' with worker pool size [1].
mssql-1  | 2026-08-12T15:33:59.856111780Z 
2026-08-12 15:33:59.84 spid51      Parallel redo is shutdown for database 'ViciOneServiceBusUnitTests_v12_2015' with worker pool size [1].
mssql-1  | 2026-08-12T15:33:59.888696352Z 
2026-08-12 15:33:59.88 spid51      WPRBucketTableAccess::Create: Created wpr table wpr_bucket_table on dbid 5.
mssql-1  | 2026-08-12T15:33:59.916869125Z 
2026-08-12 15:33:59.90 spid51      Setting database option READ_COMMITTED_SNAPSHOT to ON for database 'ViciOneServiceBusUnitTests_v12_2015'.
mssql-1  | 2026-08-12T15:33:59.952483169Z 
RecoveryUnit::Shutdown. IsOnline: 02026-08-12 15:33:59.94 spid51      [5]. Feature Status: PVS: 0. CTR: 0. ConcurrentPFSUpdate: 1. ConcurrentGAMUpdate: 0. ConcurrentSGAMUpdate: 0, CleanupUnderUserTransaction: 0. TranLevelPVS: 0
mssql-1  | 2026-08-12T15:33:59.953707086Z 
2026-08-12 15:33:59.94 spid51      Starting up database 'ViciOneServiceBusUnitTests_v12_2015'.
mssql-1  | 2026-08-12T15:33:59.988301317Z 
2026-08-12 15:33:59.98 spid51      Parallel redo is started for database 'ViciOneServiceBusUnitTests_v12_2015' with worker pool size [1].
mssql-1  | 2026-08-12T15:34:00.023047714Z 
2026-08-12 15:34:00.01 spid20s     Parallel redo is shutdown for database 'ViciOneServiceBusUnitTests_v12_2015' with worker pool size [1].
mssql-1  | 2026-08-12T15:34:00.187438050Z 
2026-08-12 15:34:00.17 spid51      Setting database option SINGLE_USER to ON for database 'ViciOneServiceBusUnitTests_v12_2015'.
mssql-1  | 2026-08-12T15:34:00.242637177Z 
[DBMgr::EnqueueDbFileDeletes] enqueueing file for delete '/var/opt/mssql/data/ViciOneServiceBusUnitTests_v12_2015.mdf'.[DBMgr::EnqueueDbFileDeletes] enqueueing file for delete '/var/opt/mssql/data/ViciOneServiceBusUnitTests_v12_2015_log.ldf'.RecoveryUnit::Shutdown. IsOnline: 12026-08-12 15:34:00.23 Logon       Error: 18456, Severity: 14, State: 38.
mssql-1  | 2026-08-12T15:34:00.242666598Z 
2026-08-12 15:34:00.23 Logon       Login failed for user 'sa'. Reason: Failed to open the explicitly specified database 'ViciOneServiceBusUnitTests_v12_2015'. [CLIENT: 172.19.0.1]
mssql-1  | 2026-08-12T15:34:00.245563236Z 
2026-08-12 15:34:00.23 spid51      [DBMgr::FindFreeDatabaseID] Next available DbId EX locked: 5
mssql-1  | 2026-08-12T15:34:00.347489973Z 
2026-08-12 15:34:00.33 spid51      [5]. Feature Status: PVS: 0. CTR: 0. ConcurrentPFSUpdate: 1. ConcurrentGAMUpdate: 0. ConcurrentSGAMUpdate: 0, CleanupUnderUserTransaction: 0. TranLevelPVS: 0
mssql-1  | 2026-08-12T15:34:00.348953250Z 
2026-08-12 15:34:00.33 spid51      Starting up database 'ViciOneServiceBusUnitTests_v12_2015'.
mssql-1  | 2026-08-12T15:34:00.381405248Z 
2026-08-12 15:34:00.37 spid51      Parallel redo is started for database 'ViciOneServiceBusUnitTests_v12_2015' with worker pool size [1].
mssql-1  | 2026-08-12T15:34:00.391383819Z 
2026-08-12 15:34:00.38 spid51      Parallel redo is shutdown for database 'ViciOneServiceBusUnitTests_v12_2015' with worker pool size [1].
mssql-1  | 2026-08-12T15:34:00.514386692Z 
2026-08-12 15:34:00.51 spid51      WPRBucketTableAccess::Create: Created wpr table wpr_bucket_table on dbid 5.
mssql-1  | 2026-08-12T15:34:00.541184883Z 
2026-08-12 15:34:00.53 spid51      Setting database option READ_COMMITTED_SNAPSHOT to ON for database 'ViciOneServiceBusUnitTests_v12_2015'.
mssql-1  | 2026-08-12T15:34:00.574752197Z 
RecoveryUnit::Shutdown. IsOnline: 02026-08-12 15:34:00.56 spid51      [5]. Feature Status: PVS: 0. CTR: 0. ConcurrentPFSUpdate: 1. ConcurrentGAMUpdate: 0. ConcurrentSGAMUpdate: 0, CleanupUnderUserTransaction: 0. TranLevelPVS: 0
mssql-1  | 2026-08-12T15:34:00.575346207Z 
2026-08-12 15:34:00.57 spid51      Starting up database 'ViciOneServiceBusUnitTests_v12_2015'.
mssql-1  | 2026-08-12T15:34:00.608210172Z 
2026-08-12 15:34:00.60 spid51      Parallel redo is started for database 'ViciOneServiceBusUnitTests_v12_2015' with worker pool size [1].
mssql-1  | 2026-08-12T15:34:00.641369268Z 
2026-08-12 15:34:00.63 spid17s     Parallel redo is shutdown for database 'ViciOneServiceBusUnitTests_v12_2015' with worker pool size [1].
mssql-1  | 2026-08-12T15:34:00.768537847Z 
2026-08-12 15:34:00.76 spid51      Setting database option SINGLE_USER to ON for database 'ViciOneServiceBusUnitTests_v12_2015'.
mssql-1  | 2026-08-12T15:34:00.827590575Z 
[DBMgr::EnqueueDbFileDeletes] enqueueing file for delete '/var/opt/mssql/data/ViciOneServiceBusUnitTests_v12_2015.mdf'.[DBMgr::EnqueueDbFileDeletes] enqueueing file for delete '/var/opt/mssql/data/ViciOneServiceBusUnitTests_v12_2015_log.ldf'.RecoveryUnit::Shutdown. IsOnline: 12026-08-12 15:34:00.82 Logon       Error: 18456, Severity: 14, State: 38.
mssql-1  | 2026-08-12T15:34:00.827620067Z 
2026-08-12 15:34:00.82 Logon       Login failed for user 'sa'. Reason: Failed to open the explicitly specified database 'ViciOneServiceBusUnitTests_v12_2015'. [CLIENT: 172.19.0.1]
mssql-1  | 2026-08-12T15:34:00.830662396Z 
2026-08-12 15:34:00.82 spid51      [DBMgr::FindFreeDatabaseID] Next available DbId EX locked: 5
mssql-1  | 2026-08-12T15:34:00.932952441Z 
2026-08-12 15:34:00.92 spid51      [5]. Feature Status: PVS: 0. CTR: 0. ConcurrentPFSUpdate: 1. ConcurrentGAMUpdate: 0. ConcurrentSGAMUpdate: 0, CleanupUnderUserTransaction: 0. TranLevelPVS: 0
mssql-1  | 2026-08-12T15:34:00.933762371Z 
2026-08-12 15:34:00.92 spid51      Starting up database 'ViciOneServiceBusUnitTests_v12_2015'.
mssql-1  | 2026-08-12T15:34:00.966438776Z 
2026-08-12 15:34:00.95 spid51      Parallel redo is started for database 'ViciOneServiceBusUnitTests_v12_2015' with worker pool size [1].
mssql-1  | 2026-08-12T15:34:00.977342982Z 
2026-08-12 15:34:00.96 spid51      Parallel redo is shutdown for database 'ViciOneServiceBusUnitTests_v12_2015' with worker pool size [1].
mssql-1  | 2026-08-12T15:34:01.082582762Z 
2026-08-12 15:34:01.07 spid51      WPRBucketTableAccess::Create: Created wpr table wpr_bucket_table on dbid 5.
mssql-1  | 2026-08-12T15:34:01.110627039Z 
2026-08-12 15:34:01.10 spid51      Setting database option READ_COMMITTED_SNAPSHOT to ON for database 'ViciOneServiceBusUnitTests_v12_2015'.
mssql-1  | 2026-08-12T15:34:01.145685863Z 
RecoveryUnit::Shutdown. IsOnline: 02026-08-12 15:34:01.13 spid51      [5]. Feature Status: PVS: 0. CTR: 0. ConcurrentPFSUpdate: 1. ConcurrentGAMUpdate: 0. ConcurrentSGAMUpdate: 0, CleanupUnderUserTransaction: 0. TranLevelPVS: 0
mssql-1  | 2026-08-12T15:34:01.147034312Z 
2026-08-12 15:34:01.13 spid51      Starting up database 'ViciOneServiceBusUnitTests_v12_2015'.
mssql-1  | 2026-08-12T15:34:01.179680828Z 
2026-08-12 15:34:01.17 spid51      Parallel redo is started for database 'ViciOneServiceBusUnitTests_v12_2015' with worker pool size [1].
mssql-1  | 2026-08-12T15:34:01.214401251Z 
2026-08-12 15:34:01.20 spid31s     Parallel redo is shutdown for database 'ViciOneServiceBusUnitTests_v12_2015' with worker pool size [1].
mssql-1  | 2026-08-12T15:34:01.323106783Z 
2026-08-12 15:34:01.31 spid51      Setting database option SINGLE_USER to ON for database 'ViciOneServiceBusUnitTests_v12_2015'.
mssql-1  | 2026-08-12T15:34:01.381570500Z 
[DBMgr::EnqueueDbFileDeletes] enqueueing file for delete '/var/opt/mssql/data/ViciOneServiceBusUnitTests_v12_2015.mdf'.[DBMgr::EnqueueDbFileDeletes] enqueueing file for delete '/var/opt/mssql/data/ViciOneServiceBusUnitTests_v12_2015_log.ldf'.RecoveryUnit::Shutdown. IsOnline: 12026-08-12 15:34:01.37 Logon       Error: 18456, Severity: 14, State: 38.
mssql-1  | 2026-08-12T15:34:01.381600583Z 
2026-08-12 15:34:01.37 Logon       Login failed for user 'sa'. Reason: Failed to open the explicitly specified database 'ViciOneServiceBusUnitTests_v12_2015'. [CLIENT: 172.19.0.1]
mssql-1  | 2026-08-12T15:34:01.384610036Z 
2026-08-12 15:34:01.37 spid51      [DBMgr::FindFreeDatabaseID] Next available DbId EX locked: 5
mssql-1  | 2026-08-12T15:34:01.486085494Z 
2026-08-12 15:34:01.48 spid51      [5]. Feature Status: PVS: 0. CTR: 0. ConcurrentPFSUpdate: 1. ConcurrentGAMUpdate: 0. ConcurrentSGAMUpdate: 0, CleanupUnderUserTransaction: 0. TranLevelPVS: 0
mssql-1  | 2026-08-12T15:34:01.487073792Z 
2026-08-12 15:34:01.48 spid51      Starting up database 'ViciOneServiceBusUnitTests_v12_2015'.
mssql-1  | 2026-08-12T15:34:01.519319411Z 
2026-08-12 15:34:01.51 spid51      Parallel redo is started for database 'ViciOneServiceBusUnitTests_v12_2015' with worker pool size [1].
mssql-1  | 2026-08-12T15:34:01.529093282Z 
2026-08-12 15:34:01.52 spid51      Parallel redo is shutdown for database 'ViciOneServiceBusUnitTests_v12_2015' with worker pool size [1].
mssql-1  | 2026-08-12T15:34:01.636478118Z 
2026-08-12 15:34:01.63 spid51      WPRBucketTableAccess::Create: Created wpr table wpr_bucket_table on dbid 5.
mssql-1  | 2026-08-12T15:34:01.661410405Z 
2026-08-12 15:34:01.65 spid51      Setting database option READ_COMMITTED_SNAPSHOT to ON for database 'ViciOneServiceBusUnitTests_v12_2015'.
mssql-1  | 2026-08-12T15:34:01.695613693Z 
RecoveryUnit::Shutdown. IsOnline: 02026-08-12 15:34:01.69 spid51      [5]. Feature Status: PVS: 0. CTR: 0. ConcurrentPFSUpdate: 1. ConcurrentGAMUpdate: 0. ConcurrentSGAMUpdate: 0, CleanupUnderUserTransaction: 0. TranLevelPVS: 0
mssql-1  | 2026-08-12T15:34:01.696544437Z 
2026-08-12 15:34:01.69 spid51      Starting up database 'ViciOneServiceBusUnitTests_v12_2015'.
mssql-1  | 2026-08-12T15:34:01.728168689Z 
2026-08-12 15:34:01.72 spid51      Parallel redo is started for database 'ViciOneServiceBusUnitTests_v12_2015' with worker pool size [1].
mssql-1  | 2026-08-12T15:34:01.760926852Z 
2026-08-12 15:34:01.75 spid19s     Parallel redo is shutdown for database 'ViciOneServiceBusUnitTests_v12_2015' with worker pool size [1].
mssql-1  | 2026-08-12T15:34:01.896527284Z 
2026-08-12 15:34:01.89 spid51      Setting database option SINGLE_USER to ON for database 'ViciOneServiceBusUnitTests_v12_2015'.
mssql-1  | 2026-08-12T15:34:02.174133389Z 
[DBMgr::EnqueueDbFileDeletes] enqueueing file for delete '/var/opt/mssql/data/ViciOneServiceBusUnitTests_v12_2015.mdf'.[DBMgr::EnqueueDbFileDeletes] enqueueing file for delete '/var/opt/mssql/data/ViciOneServiceBusUnitTests_v12_2015_log.ldf'.RecoveryUnit::Shutdown. IsOnline: 12026-08-12 15:34:02.16 Logon       Error: 18456, Severity: 14, State: 38.
mssql-1  | 2026-08-12T15:34:02.174161670Z 
2026-08-12 15:34:02.16 Logon       Login failed for user 'sa'. Reason: Failed to open the explicitly specified database 'ViciOneServiceBusUnitTests_v12_2015'. [CLIENT: 172.19.0.1]
mssql-1  | 2026-08-12T15:34:02.178018411Z 
2026-08-12 15:34:02.17 spid51      [DBMgr::FindFreeDatabaseID] Next available DbId EX locked: 5
mssql-1  | 2026-08-12T15:34:02.282433920Z 
2026-08-12 15:34:02.27 spid51      [5]. Feature Status: PVS: 0. CTR: 0. ConcurrentPFSUpdate: 1. ConcurrentGAMUpdate: 0. ConcurrentSGAMUpdate: 0, CleanupUnderUserTransaction: 0. TranLevelPVS: 0
mssql-1  | 2026-08-12T15:34:02.283243267Z 
2026-08-12 15:34:02.27 spid51      Starting up database 'ViciOneServiceBusUnitTests_v12_2015'.
mssql-1  | 2026-08-12T15:34:02.316393775Z 
2026-08-12 15:34:02.30 spid51      Parallel redo is started for database 'ViciOneServiceBusUnitTests_v12_2015' with worker pool size [1].
mssql-1  | 2026-08-12T15:34:02.326865073Z 
2026-08-12 15:34:02.31 spid51      Parallel redo is shutdown for database 'ViciOneServiceBusUnitTests_v12_2015' with worker pool size [1].
mssql-1  | 2026-08-12T15:34:02.406732526Z 
2026-08-12 15:34:02.39 spid51      WPRBucketTableAccess::Create: Created wpr table wpr_bucket_table on dbid 5.
mssql-1  | 2026-08-12T15:34:02.433031512Z 
2026-08-12 15:34:02.42 spid51      Setting database option READ_COMMITTED_SNAPSHOT to ON for database 'ViciOneServiceBusUnitTests_v12_2015'.
mssql-1  | 2026-08-12T15:34:02.471527899Z 
RecoveryUnit::Shutdown. IsOnline: 02026-08-12 15:34:02.45 spid51      [5]. Feature Status: PVS: 0. CTR: 0. ConcurrentPFSUpdate: 1. ConcurrentGAMUpdate: 0. ConcurrentSGAMUpdate: 0, CleanupUnderUserTransaction: 0. TranLevelPVS: 0
mssql-1  | 2026-08-12T15:34:02.473707833Z 
2026-08-12 15:34:02.46 spid51      Starting up database 'ViciOneServiceBusUnitTests_v12_2015'.
mssql-1  | 2026-08-12T15:34:02.507552520Z 
2026-08-12 15:34:02.49 spid51      Parallel redo is started for database 'ViciOneServiceBusUnitTests_v12_2015' with worker pool size [1].
mssql-1  | 2026-08-12T15:34:02.542253736Z 
2026-08-12 15:34:02.52 spid16s     Parallel redo is shutdown for database 'ViciOneServiceBusUnitTests_v12_2015' with worker pool size [1].
mssql-1  | 2026-08-12T15:34:02.643700205Z 
2026-08-12 15:34:02.63 spid51      Setting database option SINGLE_USER to ON for database 'ViciOneServiceBusUnitTests_v12_2015'.
mssql-1  | 2026-08-12T15:34:02.764991053Z 
[DBMgr::EnqueueDbFileDeletes] enqueueing file for delete '/var/opt/mssql/data/ViciOneServiceBusUnitTests_v12_2015.mdf'.[DBMgr::EnqueueDbFileDeletes] enqueueing file for delete '/var/opt/mssql/data/ViciOneServiceBusUnitTests_v12_2015_log.ldf'.RecoveryUnit::Shutdown. IsOnline: 12026-08-12 15:34:02.75 Logon       Error: 18456, Severity: 14, State: 38.
mssql-1  | 2026-08-12T15:34:02.766253948Z 
2026-08-12 15:34:02.75 Logon       Login failed for user 'sa'. Reason: Failed to open the explicitly specified database 'ViciOneServiceBusUnitTests_v12_2015'. [CLIENT: 172.19.0.1]
mssql-1  | 2026-08-12T15:34:02.777002481Z 
2026-08-12 15:34:02.76 spid51      [DBMgr::FindFreeDatabaseID] Next available DbId EX locked: 5
mssql-1  | 2026-08-12T15:34:02.881460729Z 
2026-08-12 15:34:02.86 spid51      [5]. Feature Status: PVS: 0. CTR: 0. ConcurrentPFSUpdate: 1. ConcurrentGAMUpdate: 0. ConcurrentSGAMUpdate: 0, CleanupUnderUserTransaction: 0. TranLevelPVS: 0
mssql-1  | 2026-08-12T15:34:02.883208343Z 
2026-08-12 15:34:02.86 spid51      Starting up database 'ViciOneServiceBusUnitTests_v12_2015'.
mssql-1  | 2026-08-12T15:34:02.915893737Z 
2026-08-12 15:34:02.90 spid51      Parallel redo is started for database 'ViciOneServiceBusUnitTests_v12_2015' with worker pool size [1].
mssql-1  | 2026-08-12T15:34:02.925800904Z 
2026-08-12 15:34:02.91 spid51      Parallel redo is shutdown for database 'ViciOneServiceBusUnitTests_v12_2015' with worker pool size [1].
mssql-1  | 2026-08-12T15:34:02.993127779Z 
2026-08-12 15:34:02.97 spid51      WPRBucketTableAccess::Create: Created wpr table wpr_bucket_table on dbid 5.
mssql-1  | 2026-08-12T15:34:03.019476175Z 
2026-08-12 15:34:03.00 spid51      Setting database option READ_COMMITTED_SNAPSHOT to ON for database 'ViciOneServiceBusUnitTests_v12_2015'.
mssql-1  | 2026-08-12T15:34:03.054209328Z 
RecoveryUnit::Shutdown. IsOnline: 02026-08-12 15:34:03.03 spid51      [5]. Feature Status: PVS: 0. CTR: 0. ConcurrentPFSUpdate: 1. ConcurrentGAMUpdate: 0. ConcurrentSGAMUpdate: 0, CleanupUnderUserTransaction: 0. TranLevelPVS: 0
mssql-1  | 2026-08-12T15:34:03.056255728Z 
2026-08-12 15:34:03.04 spid51      Starting up database 'ViciOneServiceBusUnitTests_v12_2015'.
mssql-1  | 2026-08-12T15:34:03.088957132Z 
2026-08-12 15:34:03.07 spid51      Parallel redo is started for database 'ViciOneServiceBusUnitTests_v12_2015' with worker pool size [1].
mssql-1  | 2026-08-12T15:34:03.123274242Z 
2026-08-12 15:34:03.10 spid20s     Parallel redo is shutdown for database 'ViciOneServiceBusUnitTests_v12_2015' with worker pool size [1].
mssql-1  | 2026-08-12T15:34:04.560191058Z 
2026-08-12 15:34:04.55 spid51      Setting database option SINGLE_USER to ON for database 'ViciOneServiceBusUnitTests_v12_2015'.
mssql-1  | 2026-08-12T15:34:04.623388129Z 
[DBMgr::EnqueueDbFileDeletes] enqueueing file for delete '/var/opt/mssql/data/ViciOneServiceBusUnitTests_v12_2015.mdf'.[DBMgr::EnqueueDbFileDeletes] enqueueing file for delete '/var/opt/mssql/data/ViciOneServiceBusUnitTests_v12_2015_log.ldf'.RecoveryUnit::Shutdown. IsOnline: 12026-08-12 15:34:04.61 Logon       Error: 18456, Severity: 14, State: 38.
mssql-1  | 2026-08-12T15:34:04.623419163Z 
2026-08-12 15:34:04.61 Logon       Login failed for user 'sa'. Reason: Failed to open the explicitly specified database 'ViciOneServiceBusUnitTests_v12_2015'. [CLIENT: 172.19.0.1]
mssql-1  | 2026-08-12T15:34:04.630919175Z 
2026-08-12 15:34:04.62 spid51      [DBMgr::FindFreeDatabaseID] Next available DbId EX locked: 5
mssql-1  | 2026-08-12T15:34:04.749887056Z 
2026-08-12 15:34:04.74 spid51      [5]. Feature Status: PVS: 0. CTR: 0. ConcurrentPFSUpdate: 1. ConcurrentGAMUpdate: 0. ConcurrentSGAMUpdate: 0, CleanupUnderUserTransaction: 0. TranLevelPVS: 0
mssql-1  | 2026-08-12T15:34:04.750915911Z 
2026-08-12 15:34:04.74 spid51      Starting up database 'ViciOneServiceBusUnitTests_v12_2015'.
mssql-1  | 2026-08-12T15:34:04.785294148Z 
2026-08-12 15:34:04.77 spid51      Parallel redo is started for database 'ViciOneServiceBusUnitTests_v12_2015' with worker pool size [1].
mssql-1  | 2026-08-12T15:34:04.796627170Z 
2026-08-12 15:34:04.78 spid51      Parallel redo is shutdown for database 'ViciOneServiceBusUnitTests_v12_2015' with worker pool size [1].
mssql-1  | 2026-08-12T15:34:04.903134371Z 
2026-08-12 15:34:04.89 spid51      WPRBucketTableAccess::Create: Created wpr table wpr_bucket_table on dbid 5.
mssql-1  | 2026-08-12T15:34:04.929431033Z 
2026-08-12 15:34:04.91 spid51      Setting database option READ_COMMITTED_SNAPSHOT to ON for database 'ViciOneServiceBusUnitTests_v12_2015'.
mssql-1  | 2026-08-12T15:34:04.971313293Z 
RecoveryUnit::Shutdown. IsOnline: 02026-08-12 15:34:04.96 spid51      [5]. Feature Status: PVS: 0. CTR: 0. ConcurrentPFSUpdate: 1. ConcurrentGAMUpdate: 0. ConcurrentSGAMUpdate: 0, CleanupUnderUserTransaction: 0. TranLevelPVS: 0
mssql-1  | 2026-08-12T15:34:04.972165230Z 
2026-08-12 15:34:04.96 spid51      Starting up database 'ViciOneServiceBusUnitTests_v12_2015'.
mssql-1  | 2026-08-12T15:34:05.005870232Z 
2026-08-12 15:34:04.99 spid51      Parallel redo is started for database 'ViciOneServiceBusUnitTests_v12_2015' with worker pool size [1].
mssql-1  | 2026-08-12T15:34:05.034498329Z 
2026-08-12 15:34:05.02 spid17s     Parallel redo is shutdown for database 'ViciOneServiceBusUnitTests_v12_2015' with worker pool size [1].
mssql-1  | 2026-08-12T15:34:06.223098702Z 
2026-08-12 15:34:06.21 spid51      Setting database option SINGLE_USER to ON for database 'ViciOneServiceBusUnitTests_v12_2015'.
mssql-1  | 2026-08-12T15:34:06.275701174Z 
[DBMgr::EnqueueDbFileDeletes] enqueueing file for delete '/var/opt/mssql/data/ViciOneServiceBusUnitTests_v12_2015.mdf'.[DBMgr::EnqueueDbFileDeletes] enqueueing file for delete '/var/opt/mssql/data/ViciOneServiceBusUnitTests_v12_2015_log.ldf'.RecoveryUnit::Shutdown. IsOnline: 12026-08-12 15:34:06.26 Logon       Error: 18456, Severity: 14, State: 38.
mssql-1  | 2026-08-12T15:34:06.277491454Z 
2026-08-12 15:34:06.26 Logon       Login failed for user 'sa'. Reason: Failed to open the explicitly specified database 'ViciOneServiceBusUnitTests_v12_2015'. [CLIENT: 172.19.0.1]
mssql-1  | 2026-08-12T15:34:06.281739872Z 
2026-08-12 15:34:06.27 spid51      [DBMgr::FindFreeDatabaseID] Next available DbId EX locked: 5
mssql-1  | 2026-08-12T15:34:06.381206114Z 
2026-08-12 15:34:06.37 spid51      [5]. Feature Status: PVS: 0. CTR: 0. ConcurrentPFSUpdate: 1. ConcurrentGAMUpdate: 0. ConcurrentSGAMUpdate: 0, CleanupUnderUserTransaction: 0. TranLevelPVS: 0
mssql-1  | 2026-08-12T15:34:06.382004229Z 
2026-08-12 15:34:06.37 spid51      Starting up database 'ViciOneServiceBusUnitTests_v12_2015'.
mssql-1  | 2026-08-12T15:34:06.415462402Z 
2026-08-12 15:34:06.40 spid51      Parallel redo is started for database 'ViciOneServiceBusUnitTests_v12_2015' with worker pool size [1].
mssql-1  | 2026-08-12T15:34:06.428177306Z 
2026-08-12 15:34:06.42 spid51      Parallel redo is shutdown for database 'ViciOneServiceBusUnitTests_v12_2015' with worker pool size [1].
mssql-1  | 2026-08-12T15:34:06.475030678Z 
2026-08-12 15:34:06.46 spid51      WPRBucketTableAccess::Create: Created wpr table wpr_bucket_table on dbid 5.
mssql-1  | 2026-08-12T15:34:06.500419034Z 
2026-08-12 15:34:06.49 spid51      Setting database option READ_COMMITTED_SNAPSHOT to ON for database 'ViciOneServiceBusUnitTests_v12_2015'.
mssql-1  | 2026-08-12T15:34:06.534862557Z 
RecoveryUnit::Shutdown. IsOnline: 02026-08-12 15:34:06.52 spid51      [5]. Feature Status: PVS: 0. CTR: 0. ConcurrentPFSUpdate: 1. ConcurrentGAMUpdate: 0. ConcurrentSGAMUpdate: 0, CleanupUnderUserTransaction: 0. TranLevelPVS: 0
mssql-1  | 2026-08-12T15:34:06.535744347Z 
2026-08-12 15:34:06.52 spid51      Starting up database 'ViciOneServiceBusUnitTests_v12_2015'.
mssql-1  | 2026-08-12T15:34:06.568983109Z 
2026-08-12 15:34:06.56 spid51      Parallel redo is started for database 'ViciOneServiceBusUnitTests_v12_2015' with worker pool size [1].
mssql-1  | 2026-08-12T15:34:06.606916489Z 
2026-08-12 15:34:06.59 spid31s     Parallel redo is shutdown for database 'ViciOneServiceBusUnitTests_v12_2015' with worker pool size [1].
mssql-1  | 2026-08-12T15:34:06.935756708Z 
2026-08-12 15:34:06.92 spid51      Setting database option SINGLE_USER to ON for database 'ViciOneServiceBusUnitTests_v12_2015'.
mssql-1  | 2026-08-12T15:34:07.000133347Z 
[DBMgr::EnqueueDbFileDeletes] enqueueing file for delete '/var/opt/mssql/data/ViciOneServiceBusUnitTests_v12_2015.mdf'.[DBMgr::EnqueueDbFileDeletes] enqueueing file for delete '/var/opt/mssql/data/ViciOneServiceBusUnitTests_v12_2015_log.ldf'.RecoveryUnit::Shutdown. IsOnline: 12026-08-12 15:34:06.99 Logon       Error: 18456, Severity: 14, State: 38.
mssql-1  | 2026-08-12T15:34:07.000268521Z 
2026-08-12 15:34:06.99 Logon       Login failed for user 'sa'. Reason: Failed to open the explicitly specified database 'ViciOneServiceBusUnitTests_v12_2015'. [CLIENT: 172.19.0.1]
mssql-1  | 2026-08-12T15:34:07.005757101Z 
2026-08-12 15:34:06.99 spid51      [DBMgr::FindFreeDatabaseID] Next available DbId EX locked: 5
mssql-1  | 2026-08-12T15:34:07.113260111Z 
2026-08-12 15:34:07.10 spid51      [5]. Feature Status: PVS: 0. CTR: 0. ConcurrentPFSUpdate: 1. ConcurrentGAMUpdate: 0. ConcurrentSGAMUpdate: 0, CleanupUnderUserTransaction: 0. TranLevelPVS: 0
mssql-1  | 2026-08-12T15:34:07.115510733Z 
2026-08-12 15:34:07.10 spid51      Starting up database 'ViciOneServiceBusUnitTests_v12_2015'.
mssql-1  | 2026-08-12T15:34:07.148081565Z 
2026-08-12 15:34:07.14 spid51      Parallel redo is started for database 'ViciOneServiceBusUnitTests_v12_2015' with worker pool size [1].
mssql-1  | 2026-08-12T15:34:07.161528639Z 
2026-08-12 15:34:07.15 spid51      Parallel redo is shutdown for database 'ViciOneServiceBusUnitTests_v12_2015' with worker pool size [1].
mssql-1  | 2026-08-12T15:34:07.236782797Z 
2026-08-12 15:34:07.22 spid51      WPRBucketTableAccess::Create: Created wpr table wpr_bucket_table on dbid 5.
mssql-1  | 2026-08-12T15:34:07.264482944Z 
2026-08-12 15:34:07.25 spid51      Setting database option READ_COMMITTED_SNAPSHOT to ON for database 'ViciOneServiceBusUnitTests_v12_2015'.
mssql-1  | 2026-08-12T15:34:07.300401625Z 
RecoveryUnit::Shutdown. IsOnline: 02026-08-12 15:34:07.29 spid51      [5]. Feature Status: PVS: 0. CTR: 0. ConcurrentPFSUpdate: 1. ConcurrentGAMUpdate: 0. ConcurrentSGAMUpdate: 0, CleanupUnderUserTransaction: 0. TranLevelPVS: 0
mssql-1  | 2026-08-12T15:34:07.302126662Z 
2026-08-12 15:34:07.29 spid51      Starting up database 'ViciOneServiceBusUnitTests_v12_2015'.
mssql-1  | 2026-08-12T15:34:07.335410116Z 
2026-08-12 15:34:07.32 spid51      Parallel redo is started for database 'ViciOneServiceBusUnitTests_v12_2015' with worker pool size [1].
mssql-1  | 2026-08-12T15:34:07.372385164Z 
2026-08-12 15:34:07.36 spid19s     Parallel redo is shutdown for database 'ViciOneServiceBusUnitTests_v12_2015' with worker pool size [1].
mssql-1  | 2026-08-12T15:34:07.680191573Z 
2026-08-12 15:34:07.66 spid51      Setting database option SINGLE_USER to ON for database 'ViciOneServiceBusUnitTests_v12_2015'.
mssql-1  | 2026-08-12T15:34:07.736295784Z 
[DBMgr::EnqueueDbFileDeletes] enqueueing file for delete '/var/opt/mssql/data/ViciOneServiceBusUnitTests_v12_2015.mdf'.[DBMgr::EnqueueDbFileDeletes] enqueueing file for delete '/var/opt/mssql/data/ViciOneServiceBusUnitTests_v12_2015_log.ldf'.RecoveryUnit::Shutdown. IsOnline: 12026-08-12 15:34:07.72 Logon       Error: 18456, Severity: 14, State: 38.
mssql-1  | 2026-08-12T15:34:07.736326816Z 
2026-08-12 15:34:07.72 Logon       Login failed for user 'sa'. Reason: Failed to open the explicitly specified database 'ViciOneServiceBusUnitTests_v12_2015'. [CLIENT: 172.19.0.1]
mssql-1  | 2026-08-12T15:34:07.739136584Z 
2026-08-12 15:34:07.72 spid51      [DBMgr::FindFreeDatabaseID] Next available DbId EX locked: 5
mssql-1  | 2026-08-12T15:34:07.844613852Z 
2026-08-12 15:34:07.83 spid51      [5]. Feature Status: PVS: 0. CTR: 0. ConcurrentPFSUpdate: 1. ConcurrentGAMUpdate: 0. ConcurrentSGAMUpdate: 0, CleanupUnderUserTransaction: 0. TranLevelPVS: 0
mssql-1  | 2026-08-12T15:34:07.847138500Z 
2026-08-12 15:34:07.83 spid51      Starting up database 'ViciOneServiceBusUnitTests_v12_2015'.
mssql-1  | 2026-08-12T15:34:07.880419637Z 
2026-08-12 15:34:07.86 spid51      Parallel redo is started for database 'ViciOneServiceBusUnitTests_v12_2015' with worker pool size [1].
mssql-1  | 2026-08-12T15:34:07.890912313Z 
2026-08-12 15:34:07.88 spid51      Parallel redo is shutdown for database 'ViciOneServiceBusUnitTests_v12_2015' with worker pool size [1].
mssql-1  | 2026-08-12T15:34:07.953052890Z 
2026-08-12 15:34:07.94 spid51      WPRBucketTableAccess::Create: Created wpr table wpr_bucket_table on dbid 5.
mssql-1  | 2026-08-12T15:34:07.990144203Z 
2026-08-12 15:34:07.97 spid51      Setting database option READ_COMMITTED_SNAPSHOT to ON for database 'ViciOneServiceBusUnitTests_v12_2015'.
mssql-1  | 2026-08-12T15:34:08.023653637Z 
RecoveryUnit::Shutdown. IsOnline: 02026-08-12 15:34:08.01 spid51      [5]. Feature Status: PVS: 0. CTR: 0. ConcurrentPFSUpdate: 1. ConcurrentGAMUpdate: 0. ConcurrentSGAMUpdate: 0, CleanupUnderUserTransaction: 0. TranLevelPVS: 0
mssql-1  | 2026-08-12T15:34:08.026002002Z 
2026-08-12 15:34:08.01 spid51      Starting up database 'ViciOneServiceBusUnitTests_v12_2015'.
mssql-1  | 2026-08-12T15:34:08.059952600Z 
2026-08-12 15:34:08.04 spid51      Parallel redo is started for database 'ViciOneServiceBusUnitTests_v12_2015' with worker pool size [1].
mssql-1  | 2026-08-12T15:34:08.091791297Z 
2026-08-12 15:34:08.08 spid16s     Parallel redo is shutdown for database 'ViciOneServiceBusUnitTests_v12_2015' with worker pool size [1].
mssql-1  | 2026-08-12T15:34:08.410291172Z 
2026-08-12 15:34:08.40 spid51      Setting database option SINGLE_USER to ON for database 'ViciOneServiceBusUnitTests_v12_2015'.
mssql-1  | 2026-08-12T15:34:08.466722584Z 
[DBMgr::EnqueueDbFileDeletes] enqueueing file for delete '/var/opt/mssql/data/ViciOneServiceBusUnitTests_v12_2015.mdf'.[DBMgr::EnqueueDbFileDeletes] enqueueing file for delete '/var/opt/mssql/data/ViciOneServiceBusUnitTests_v12_2015_log.ldf'.RecoveryUnit::Shutdown. IsOnline: 12026-08-12 15:34:08.45 Logon       Error: 18456, Severity: 14, State: 38.
mssql-1  | 2026-08-12T15:34:08.467775517Z 
2026-08-12 15:34:08.45 Logon       Login failed for user 'sa'. Reason: Failed to open the explicitly specified database 'ViciOneServiceBusUnitTests_v12_2015'. [CLIENT: 172.19.0.1]
mssql-1  | 2026-08-12T15:34:08.471076896Z 
2026-08-12 15:34:08.46 spid51      [DBMgr::FindFreeDatabaseID] Next available DbId EX locked: 5
mssql-1  | 2026-08-12T15:34:08.575175663Z 
2026-08-12 15:34:08.56 spid51      [5]. Feature Status: PVS: 0. CTR: 0. ConcurrentPFSUpdate: 1. ConcurrentGAMUpdate: 0. ConcurrentSGAMUpdate: 0, CleanupUnderUserTransaction: 0. TranLevelPVS: 0
mssql-1  | 2026-08-12T15:34:08.576652477Z 
2026-08-12 15:34:08.56 spid51      Starting up database 'ViciOneServiceBusUnitTests_v12_2015'.
mssql-1  | 2026-08-12T15:34:08.617407354Z 
2026-08-12 15:34:08.60 spid51      Parallel redo is started for database 'ViciOneServiceBusUnitTests_v12_2015' with worker pool size [1].
mssql-1  | 2026-08-12T15:34:08.630611538Z 
2026-08-12 15:34:08.61 spid51      Parallel redo is shutdown for database 'ViciOneServiceBusUnitTests_v12_2015' with worker pool size [1].
mssql-1  | 2026-08-12T15:34:08.679205735Z 
2026-08-12 15:34:08.67 spid51      WPRBucketTableAccess::Create: Created wpr table wpr_bucket_table on dbid 5.
mssql-1  | 2026-08-12T15:34:08.705866635Z 
2026-08-12 15:34:08.70 spid51      Setting database option READ_COMMITTED_SNAPSHOT to ON for database 'ViciOneServiceBusUnitTests_v12_2015'.
mssql-1  | 2026-08-12T15:34:08.739256385Z 
RecoveryUnit::Shutdown. IsOnline: 02026-08-12 15:34:08.73 spid51      [5]. Feature Status: PVS: 0. CTR: 0. ConcurrentPFSUpdate: 1. ConcurrentGAMUpdate: 0. ConcurrentSGAMUpdate: 0, CleanupUnderUserTransaction: 0. TranLevelPVS: 0
mssql-1  | 2026-08-12T15:34:08.740300687Z 
2026-08-12 15:34:08.73 spid51      Starting up database 'ViciOneServiceBusUnitTests_v12_2015'.
mssql-1  | 2026-08-12T15:34:08.772240285Z 
2026-08-12 15:34:08.76 spid51      Parallel redo is started for database 'ViciOneServiceBusUnitTests_v12_2015' with worker pool size [1].
mssql-1  | 2026-08-12T15:34:08.807146775Z 
2026-08-12 15:34:08.80 spid15s     Parallel redo is shutdown for database 'ViciOneServiceBusUnitTests_v12_2015' with worker pool size [1].
mssql-1  | 2026-08-12T15:34:09.067678562Z 
2026-08-12 15:34:09.06 spid51      Setting database option SINGLE_USER to ON for database 'ViciOneServiceBusUnitTests_v12_2015'.
mssql-1  | 2026-08-12T15:34:09.125169828Z 
[DBMgr::EnqueueDbFileDeletes] enqueueing file for delete '/var/opt/mssql/data/ViciOneServiceBusUnitTests_v12_2015.mdf'.[DBMgr::EnqueueDbFileDeletes] enqueueing file for delete '/var/opt/mssql/data/ViciOneServiceBusUnitTests_v12_2015_log.ldf'.RecoveryUnit::Shutdown. IsOnline: 12026-08-12 15:34:09.12 Logon       Error: 18456, Severity: 14, State: 38.
mssql-1  | 2026-08-12T15:34:09.125201036Z 
2026-08-12 15:34:09.12 Logon       Login failed for user 'sa'. Reason: Failed to open the explicitly specified database 'ViciOneServiceBusUnitTests_v12_2015'. [CLIENT: 172.19.0.1]
mssql-1  | 2026-08-12T15:34:09.128945684Z 
2026-08-12 15:34:09.12 spid51      [DBMgr::FindFreeDatabaseID] Next available DbId EX locked: 5
mssql-1  | 2026-08-12T15:34:09.231122355Z 
2026-08-12 15:34:09.22 spid51      [5]. Feature Status: PVS: 0. CTR: 0. ConcurrentPFSUpdate: 1. ConcurrentGAMUpdate: 0. ConcurrentSGAMUpdate: 0, CleanupUnderUserTransaction: 0. TranLevelPVS: 0
mssql-1  | 2026-08-12T15:34:09.232220047Z 
2026-08-12 15:34:09.22 spid51      Starting up database 'ViciOneServiceBusUnitTests_v12_2015'.
mssql-1  | 2026-08-12T15:34:09.265174490Z 
2026-08-12 15:34:09.26 spid51      Parallel redo is started for database 'ViciOneServiceBusUnitTests_v12_2015' with worker pool size [1].
mssql-1  | 2026-08-12T15:34:09.276134151Z 
2026-08-12 15:34:09.27 spid51      Parallel redo is shutdown for database 'ViciOneServiceBusUnitTests_v12_2015' with worker pool size [1].
mssql-1  | 2026-08-12T15:34:09.319471216Z 
2026-08-12 15:34:09.31 spid51      WPRBucketTableAccess::Create: Created wpr table wpr_bucket_table on dbid 5.
mssql-1  | 2026-08-12T15:34:09.344774782Z 
2026-08-12 15:34:09.34 spid51      Setting database option READ_COMMITTED_SNAPSHOT to ON for database 'ViciOneServiceBusUnitTests_v12_2015'.
mssql-1  | 2026-08-12T15:34:09.381729641Z 
RecoveryUnit::Shutdown. IsOnline: 02026-08-12 15:34:09.37 spid51      [5]. Feature Status: PVS: 0. CTR: 0. ConcurrentPFSUpdate: 1. ConcurrentGAMUpdate: 0. ConcurrentSGAMUpdate: 0, CleanupUnderUserTransaction: 0. TranLevelPVS: 0
mssql-1  | 2026-08-12T15:34:09.382784973Z 
2026-08-12 15:34:09.37 spid51      Starting up database 'ViciOneServiceBusUnitTests_v12_2015'.
mssql-1  | 2026-08-12T15:34:09.414516401Z 
2026-08-12 15:34:09.41 spid51      Parallel redo is started for database 'ViciOneServiceBusUnitTests_v12_2015' with worker pool size [1].
mssql-1  | 2026-08-12T15:34:09.447261713Z 
2026-08-12 15:34:09.44 spid20s     Parallel redo is shutdown for database 'ViciOneServiceBusUnitTests_v12_2015' with worker pool size [1].
mssql-1  | 2026-08-12T15:34:09.692702387Z 
2026-08-12 15:34:09.68 spid51      Setting database option SINGLE_USER to ON for database 'ViciOneServiceBusUnitTests_v12_2015'.
mssql-1  | 2026-08-12T15:34:09.780692247Z 
[DBMgr::EnqueueDbFileDeletes] enqueueing file for delete '/var/opt/mssql/data/ViciOneServiceBusUnitTests_v12_2015.mdf'.[DBMgr::EnqueueDbFileDeletes] enqueueing file for delete '/var/opt/mssql/data/ViciOneServiceBusUnitTests_v12_2015_log.ldf'.RecoveryUnit::Shutdown. IsOnline: 12026-08-12 15:34:09.77 Logon       Error: 18456, Severity: 14, State: 38.
mssql-1  | 2026-08-12T15:34:09.780728505Z 
2026-08-12 15:34:09.77 Logon       Login failed for user 'sa'. Reason: Failed to open the explicitly specified database 'ViciOneServiceBusUnitTests_v12_2015'. [CLIENT: 172.19.0.1]
mssql-1  | 2026-08-12T15:34:09.783930829Z 
2026-08-12 15:34:09.77 spid51      [DBMgr::FindFreeDatabaseID] Next available DbId EX locked: 5
mssql-1  | 2026-08-12T15:34:09.889832161Z 
2026-08-12 15:34:09.88 spid51      [5]. Feature Status: PVS: 0. CTR: 0. ConcurrentPFSUpdate: 1. ConcurrentGAMUpdate: 0. ConcurrentSGAMUpdate: 0, CleanupUnderUserTransaction: 0. TranLevelPVS: 0
mssql-1  | 2026-08-12T15:34:09.891292710Z 
2026-08-12 15:34:09.88 spid51      Starting up database 'ViciOneServiceBusUnitTests_v12_2015'.
mssql-1  | 2026-08-12T15:34:09.924728743Z 
2026-08-12 15:34:09.91 spid51      Parallel redo is started for database 'ViciOneServiceBusUnitTests_v12_2015' with worker pool size [1].
mssql-1  | 2026-08-12T15:34:09.935593166Z 
2026-08-12 15:34:09.92 spid51      Parallel redo is shutdown for database 'ViciOneServiceBusUnitTests_v12_2015' with worker pool size [1].
mssql-1  | 2026-08-12T15:34:10.047432856Z 
2026-08-12 15:34:10.04 spid51      WPRBucketTableAccess::Create: Created wpr table wpr_bucket_table on dbid 5.
mssql-1  | 2026-08-12T15:34:10.073220740Z 
2026-08-12 15:34:10.06 spid51      Setting database option READ_COMMITTED_SNAPSHOT to ON for database 'ViciOneServiceBusUnitTests_v12_2015'.
mssql-1  | 2026-08-12T15:34:10.105750133Z 
RecoveryUnit::Shutdown. IsOnline: 02026-08-12 15:34:10.09 spid51      [5]. Feature Status: PVS: 0. CTR: 0. ConcurrentPFSUpdate: 1. ConcurrentGAMUpdate: 0. ConcurrentSGAMUpdate: 0, CleanupUnderUserTransaction: 0. TranLevelPVS: 0
mssql-1  | 2026-08-12T15:34:10.107735132Z 
2026-08-12 15:34:10.10 spid51      Starting up database 'ViciOneServiceBusUnitTests_v12_2015'.
mssql-1  | 2026-08-12T15:34:10.141754484Z 
2026-08-12 15:34:10.13 spid51      Parallel redo is started for database 'ViciOneServiceBusUnitTests_v12_2015' with worker pool size [1].
mssql-1  | 2026-08-12T15:34:10.177544541Z 
2026-08-12 15:34:10.16 spid17s     Parallel redo is shutdown for database 'ViciOneServiceBusUnitTests_v12_2015' with worker pool size [1].
mssql-1  | 2026-08-12T15:34:10.392734923Z 
2026-08-12 15:34:10.38 spid51      Setting database option SINGLE_USER to ON for database 'ViciOneServiceBusUnitTests_v12_2015'.
mssql-1  | 2026-08-12T15:34:10.444784911Z 
[DBMgr::EnqueueDbFileDeletes] enqueueing file for delete '/var/opt/mssql/data/ViciOneServiceBusUnitTests_v12_2015.mdf'.[DBMgr::EnqueueDbFileDeletes] enqueueing file for delete '/var/opt/mssql/data/ViciOneServiceBusUnitTests_v12_2015_log.ldf'.RecoveryUnit::Shutdown. IsOnline: 12026-08-12 15:34:10.43 Logon       Error: 18456, Severity: 14, State: 38.
mssql-1  | 2026-08-12T15:34:10.444817297Z 
2026-08-12 15:34:10.43 Logon       Login failed for user 'sa'. Reason: Failed to open the explicitly specified database 'ViciOneServiceBusUnitTests_v12_2015'. [CLIENT: 172.19.0.1]
mssql-1  | 2026-08-12T15:34:10.447863878Z 
2026-08-12 15:34:10.44 spid51      [DBMgr::FindFreeDatabaseID] Next available DbId EX locked: 5
mssql-1  | 2026-08-12T15:34:10.546685593Z 
2026-08-12 15:34:10.53 spid51      [5]. Feature Status: PVS: 0. CTR: 0. ConcurrentPFSUpdate: 1. ConcurrentGAMUpdate: 0. ConcurrentSGAMUpdate: 0, CleanupUnderUserTransaction: 0. TranLevelPVS: 0
mssql-1  | 2026-08-12T15:34:10.547274777Z 
2026-08-12 15:34:10.54 spid51      Starting up database 'ViciOneServiceBusUnitTests_v12_2015'.
mssql-1  | 2026-08-12T15:34:10.583026561Z 
2026-08-12 15:34:10.57 spid51      Parallel redo is started for database 'ViciOneServiceBusUnitTests_v12_2015' with worker pool size [1].
mssql-1  | 2026-08-12T15:34:10.594535728Z 
2026-08-12 15:34:10.58 spid51      Parallel redo is shutdown for database 'ViciOneServiceBusUnitTests_v12_2015' with worker pool size [1].
mssql-1  | 2026-08-12T15:34:10.648918336Z 
2026-08-12 15:34:10.64 spid51      WPRBucketTableAccess::Create: Created wpr table wpr_bucket_table on dbid 5.
mssql-1  | 2026-08-12T15:34:10.685757008Z 
2026-08-12 15:34:10.68 spid51      Setting database option READ_COMMITTED_SNAPSHOT to ON for database 'ViciOneServiceBusUnitTests_v12_2015'.
mssql-1  | 2026-08-12T15:34:10.730641244Z 
RecoveryUnit::Shutdown. IsOnline: 02026-08-12 15:34:10.72 spid51      [5]. Feature Status: PVS: 0. CTR: 0. ConcurrentPFSUpdate: 1. ConcurrentGAMUpdate: 0. ConcurrentSGAMUpdate: 0, CleanupUnderUserTransaction: 0. TranLevelPVS: 0
mssql-1  | 2026-08-12T15:34:10.731637074Z 
2026-08-12 15:34:10.73 spid51      Starting up database 'ViciOneServiceBusUnitTests_v12_2015'.
mssql-1  | 2026-08-12T15:34:10.764723405Z 
2026-08-12 15:34:10.76 spid51      Parallel redo is started for database 'ViciOneServiceBusUnitTests_v12_2015' with worker pool size [1].
mssql-1  | 2026-08-12T15:34:10.795292544Z 
2026-08-12 15:34:10.79 spid31s     Parallel redo is shutdown for database 'ViciOneServiceBusUnitTests_v12_2015' with worker pool size [1].
mssql-1  | 2026-08-12T15:34:11.030147280Z 
2026-08-12 15:34:11.02 spid51      Setting database option SINGLE_USER to ON for database 'ViciOneServiceBusUnitTests_v12_2015'.
mssql-1  | 2026-08-12T15:34:11.087644936Z 
[DBMgr::EnqueueDbFileDeletes] enqueueing file for delete '/var/opt/mssql/data/ViciOneServiceBusUnitTests_v12_2015.mdf'.[DBMgr::EnqueueDbFileDeletes] enqueueing file for delete '/var/opt/mssql/data/ViciOneServiceBusUnitTests_v12_2015_log.ldf'.RecoveryUnit::Shutdown. IsOnline: 12026-08-12 15:34:11.08 Logon       Error: 18456, Severity: 14, State: 38.
mssql-1  | 2026-08-12T15:34:11.087672054Z 
2026-08-12 15:34:11.08 Logon       Login failed for user 'sa'. Reason: Failed to open the explicitly specified database 'ViciOneServiceBusUnitTests_v12_2015'. [CLIENT: 172.19.0.1]
mssql-1  | 2026-08-12T15:34:11.095957147Z 
2026-08-12 15:34:11.09 spid51      [DBMgr::FindFreeDatabaseID] Next available DbId EX locked: 5
mssql-1  | 2026-08-12T15:34:11.201281425Z 
2026-08-12 15:34:11.20 spid51      [5]. Feature Status: PVS: 0. CTR: 0. ConcurrentPFSUpdate: 1. ConcurrentGAMUpdate: 0. ConcurrentSGAMUpdate: 0, CleanupUnderUserTransaction: 0. TranLevelPVS: 0
mssql-1  | 2026-08-12T15:34:11.201946542Z 
2026-08-12 15:34:11.20 spid51      Starting up database 'ViciOneServiceBusUnitTests_v12_2015'.
mssql-1  | 2026-08-12T15:34:11.235175205Z 
2026-08-12 15:34:11.23 spid51      Parallel redo is started for database 'ViciOneServiceBusUnitTests_v12_2015' with worker pool size [1].
mssql-1  | 2026-08-12T15:34:11.246112147Z 
2026-08-12 15:34:11.24 spid51      Parallel redo is shutdown for database 'ViciOneServiceBusUnitTests_v12_2015' with worker pool size [1].
mssql-1  | 2026-08-12T15:34:11.303635730Z 
2026-08-12 15:34:11.30 spid51      WPRBucketTableAccess::Create: Created wpr table wpr_bucket_table on dbid 5.
mssql-1  | 2026-08-12T15:34:11.330304736Z 
2026-08-12 15:34:11.32 spid51      Setting database option READ_COMMITTED_SNAPSHOT to ON for database 'ViciOneServiceBusUnitTests_v12_2015'.
mssql-1  | 2026-08-12T15:34:11.368722811Z 
RecoveryUnit::Shutdown. IsOnline: 02026-08-12 15:34:11.36 spid51      [5]. Feature Status: PVS: 0. CTR: 0. ConcurrentPFSUpdate: 1. ConcurrentGAMUpdate: 0. ConcurrentSGAMUpdate: 0, CleanupUnderUserTransaction: 0. TranLevelPVS: 0
mssql-1  | 2026-08-12T15:34:11.369907717Z 
2026-08-12 15:34:11.36 spid51      Starting up database 'ViciOneServiceBusUnitTests_v12_2015'.
mssql-1  | 2026-08-12T15:34:11.402588282Z 
2026-08-12 15:34:11.40 spid51      Parallel redo is started for database 'ViciOneServiceBusUnitTests_v12_2015' with worker pool size [1].
mssql-1  | 2026-08-12T15:34:11.436397065Z 
2026-08-12 15:34:11.43 spid19s     Parallel redo is shutdown for database 'ViciOneServiceBusUnitTests_v12_2015' with worker pool size [1].
mssql-1  | 2026-08-12T15:34:12.411606776Z 
2026-08-12 15:34:12.41 spid51      Setting database option SINGLE_USER to ON for database 'ViciOneServiceBusUnitTests_v12_2015'.
mssql-1  | 2026-08-12T15:34:12.467643972Z 
[DBMgr::EnqueueDbFileDeletes] enqueueing file for delete '/var/opt/mssql/data/ViciOneServiceBusUnitTests_v12_2015.mdf'.[DBMgr::EnqueueDbFileDeletes] enqueueing file for delete '/var/opt/mssql/data/ViciOneServiceBusUnitTests_v12_2015_log.ldf'.RecoveryUnit::Shutdown. IsOnline: 12026-08-12 15:34:12.46 Logon       Error: 18456, Severity: 14, State: 38.
mssql-1  | 2026-08-12T15:34:12.467675073Z 
2026-08-12 15:34:12.46 Logon       Login failed for user 'sa'. Reason: Failed to open the explicitly specified database 'ViciOneServiceBusUnitTests_v12_2015'. [CLIENT: 172.19.0.1]
mssql-1  | 2026-08-12T15:34:12.470469315Z 
2026-08-12 15:34:12.47 spid51      [DBMgr::FindFreeDatabaseID] Next available DbId EX locked: 5
mssql-1  | 2026-08-12T15:34:12.571621921Z 
2026-08-12 15:34:12.57 spid51      [5]. Feature Status: PVS: 0. CTR: 0. ConcurrentPFSUpdate: 1. ConcurrentGAMUpdate: 0. ConcurrentSGAMUpdate: 0, CleanupUnderUserTransaction: 0. TranLevelPVS: 0
mssql-1  | 2026-08-12T15:34:12.572380810Z 
2026-08-12 15:34:12.57 spid51      Starting up database 'ViciOneServiceBusUnitTests_v12_2015'.
mssql-1  | 2026-08-12T15:34:12.605957878Z 
2026-08-12 15:34:12.60 spid51      Parallel redo is started for database 'ViciOneServiceBusUnitTests_v12_2015' with worker pool size [1].
mssql-1  | 2026-08-12T15:34:12.616142492Z 
2026-08-12 15:34:12.61 spid51      Parallel redo is shutdown for database 'ViciOneServiceBusUnitTests_v12_2015' with worker pool size [1].
mssql-1  | 2026-08-12T15:34:12.687368596Z 
2026-08-12 15:34:12.68 spid51      WPRBucketTableAccess::Create: Created wpr table wpr_bucket_table on dbid 5.
mssql-1  | 2026-08-12T15:34:12.712583951Z 
2026-08-12 15:34:12.70 spid51      Setting database option READ_COMMITTED_SNAPSHOT to ON for database 'ViciOneServiceBusUnitTests_v12_2015'.
mssql-1  | 2026-08-12T15:34:12.748016142Z 
RecoveryUnit::Shutdown. IsOnline: 02026-08-12 15:34:12.74 spid51      [5]. Feature Status: PVS: 0. CTR: 0. ConcurrentPFSUpdate: 1. ConcurrentGAMUpdate: 0. ConcurrentSGAMUpdate: 0, CleanupUnderUserTransaction: 0. TranLevelPVS: 0
mssql-1  | 2026-08-12T15:34:12.749660773Z 
2026-08-12 15:34:12.74 spid51      Starting up database 'ViciOneServiceBusUnitTests_v12_2015'.
mssql-1  | 2026-08-12T15:34:12.780851833Z 
2026-08-12 15:34:12.77 spid51      Parallel redo is started for database 'ViciOneServiceBusUnitTests_v12_2015' with worker pool size [1].
mssql-1  | 2026-08-12T15:34:12.812925063Z 
2026-08-12 15:34:12.80 spid15s     Parallel redo is shutdown for database 'ViciOneServiceBusUnitTests_v12_2015' with worker pool size [1].
mssql-1  | 2026-08-12T15:34:18.708143900Z 
2026-08-12 15:34:18.70 spid51      Setting database option SINGLE_USER to ON for database 'ViciOneServiceBusUnitTests_v12_2015'.
mssql-1  | 2026-08-12T15:34:18.776717808Z 
[DBMgr::EnqueueDbFileDeletes] enqueueing file for delete '/var/opt/mssql/data/ViciOneServiceBusUnitTests_v12_2015.mdf'.[DBMgr::EnqueueDbFileDeletes] enqueueing file for delete '/var/opt/mssql/data/ViciOneServiceBusUnitTests_v12_2015_log.ldf'.RecoveryUnit::Shutdown. IsOnline: 12026-08-12 15:34:18.77 Logon       Error: 18456, Severity: 14, State: 38.
mssql-1  | 2026-08-12T15:34:18.776807324Z 
2026-08-12 15:34:18.77 Logon       Login failed for user 'sa'. Reason: Failed to open the explicitly specified database 'ViciOneServiceBusUnitTests_v12_2015'. [CLIENT: 172.19.0.1]
mssql-1  | 2026-08-12T15:34:18.781538507Z 
2026-08-12 15:34:18.77 spid51      [DBMgr::FindFreeDatabaseID] Next available DbId EX locked: 5
mssql-1  | 2026-08-12T15:34:18.959710360Z 
2026-08-12 15:34:18.94 spid51      [5]. Feature Status: PVS: 0. CTR: 0. ConcurrentPFSUpdate: 1. ConcurrentGAMUpdate: 0. ConcurrentSGAMUpdate: 0, CleanupUnderUserTransaction: 0. TranLevelPVS: 0
mssql-1  | 2026-08-12T15:34:18.960989415Z 
2026-08-12 15:34:18.95 spid51      Starting up database 'ViciOneServiceBusUnitTests_v12_2015'.
mssql-1  | 2026-08-12T15:34:18.996426794Z 
2026-08-12 15:34:18.98 spid51      Parallel redo is started for database 'ViciOneServiceBusUnitTests_v12_2015' with worker pool size [1].
mssql-1  | 2026-08-12T15:34:19.009582505Z 
2026-08-12 15:34:19.00 spid51      Parallel redo is shutdown for database 'ViciOneServiceBusUnitTests_v12_2015' with worker pool size [1].
mssql-1  | 2026-08-12T15:34:19.128782398Z 
2026-08-12 15:34:19.12 spid51      WPRBucketTableAccess::Create: Created wpr table wpr_bucket_table on dbid 5.
mssql-1  | 2026-08-12T15:34:19.182461342Z 
2026-08-12 15:34:19.17 spid51      Setting database option READ_COMMITTED_SNAPSHOT to ON for database 'ViciOneServiceBusUnitTests_v12_2015'.
mssql-1  | 2026-08-12T15:34:19.225984195Z 
RecoveryUnit::Shutdown. IsOnline: 02026-08-12 15:34:19.21 spid51      [5]. Feature Status: PVS: 0. CTR: 0. ConcurrentPFSUpdate: 1. ConcurrentGAMUpdate: 0. ConcurrentSGAMUpdate: 0, CleanupUnderUserTransaction: 0. TranLevelPVS: 0
mssql-1  | 2026-08-12T15:34:19.227076044Z 
2026-08-12 15:34:19.21 spid51      Starting up database 'ViciOneServiceBusUnitTests_v12_2015'.
mssql-1  | 2026-08-12T15:34:19.260641325Z 
2026-08-12 15:34:19.25 spid51      Parallel redo is started for database 'ViciOneServiceBusUnitTests_v12_2015' with worker pool size [1].
mssql-1  | 2026-08-12T15:34:19.294300551Z 
2026-08-12 15:34:19.28 spid20s     Parallel redo is shutdown for database 'ViciOneServiceBusUnitTests_v12_2015' with worker pool size [1].
mssql-1  | 2026-08-12T15:34:19.586765123Z 
2026-08-12 15:34:19.57 spid51      Setting database option SINGLE_USER to ON for database 'ViciOneServiceBusUnitTests_v12_2015'.
mssql-1  | 2026-08-12T15:34:19.643746891Z 
[DBMgr::EnqueueDbFileDeletes] enqueueing file for delete '/var/opt/mssql/data/ViciOneServiceBusUnitTests_v12_2015.mdf'.[DBMgr::EnqueueDbFileDeletes] enqueueing file for delete '/var/opt/mssql/data/ViciOneServiceBusUnitTests_v12_2015_log.ldf'.RecoveryUnit::Shutdown. IsOnline: 12026-08-12 15:34:19.63 Logon       Error: 18456, Severity: 14, State: 38.
mssql-1  | 2026-08-12T15:34:19.645300391Z 
2026-08-12 15:34:19.63 Logon       Login failed for user 'sa'. Reason: Failed to open the explicitly specified database 'ViciOneServiceBusUnitTests_v12_2015'. [CLIENT: 172.19.0.1]
mssql-1  | 2026-08-12T15:34:19.648349790Z 
2026-08-12 15:34:19.63 spid51      [DBMgr::FindFreeDatabaseID] Next available DbId EX locked: 5
mssql-1  | 2026-08-12T15:34:19.757711774Z 
2026-08-12 15:34:19.75 spid51      [5]. Feature Status: PVS: 0. CTR: 0. ConcurrentPFSUpdate: 1. ConcurrentGAMUpdate: 0. ConcurrentSGAMUpdate: 0, CleanupUnderUserTransaction: 0. TranLevelPVS: 0
mssql-1  | 2026-08-12T15:34:19.761389530Z 
2026-08-12 15:34:19.75 spid51      Starting up database 'ViciOneServiceBusUnitTests_v12_2015'.
mssql-1  | 2026-08-12T15:34:19.789752603Z 
2026-08-12 15:34:19.78 spid51      Parallel redo is started for database 'ViciOneServiceBusUnitTests_v12_2015' with worker pool size [1].
mssql-1  | 2026-08-12T15:34:19.807520890Z 
2026-08-12 15:34:19.80 spid51      Parallel redo is shutdown for database 'ViciOneServiceBusUnitTests_v12_2015' with worker pool size [1].
mssql-1  | 2026-08-12T15:34:19.915182293Z 
2026-08-12 15:34:19.91 spid51      WPRBucketTableAccess::Create: Created wpr table wpr_bucket_table on dbid 5.
mssql-1  | 2026-08-12T15:34:19.945967258Z 
2026-08-12 15:34:19.94 spid51      Setting database option READ_COMMITTED_SNAPSHOT to ON for database 'ViciOneServiceBusUnitTests_v12_2015'.
mssql-1  | 2026-08-12T15:34:19.980735408Z 
RecoveryUnit::Shutdown. IsOnline: 02026-08-12 15:34:19.97 spid51      [5]. Feature Status: PVS: 0. CTR: 0. ConcurrentPFSUpdate: 1. ConcurrentGAMUpdate: 0. ConcurrentSGAMUpdate: 0, CleanupUnderUserTransaction: 0. TranLevelPVS: 0
mssql-1  | 2026-08-12T15:34:19.982391780Z 
2026-08-12 15:34:19.97 spid51      Starting up database 'ViciOneServiceBusUnitTests_v12_2015'.
mssql-1  | 2026-08-12T15:34:20.016165386Z 
2026-08-12 15:34:20.01 spid51      Parallel redo is started for database 'ViciOneServiceBusUnitTests_v12_2015' with worker pool size [1].
mssql-1  | 2026-08-12T15:34:20.048454517Z 
2026-08-12 15:34:20.04 spid17s     Parallel redo is shutdown for database 'ViciOneServiceBusUnitTests_v12_2015' with worker pool size [1].
mssql-1  | 2026-08-12T15:34:20.277713495Z 
2026-08-12 15:34:20.27 spid51      Setting database option SINGLE_USER to ON for database 'ViciOneServiceBusUnitTests_v12_2015'.
mssql-1  | 2026-08-12T15:34:20.338915456Z 
[DBMgr::EnqueueDbFileDeletes] enqueueing file for delete '/var/opt/mssql/data/ViciOneServiceBusUnitTests_v12_2015.mdf'.[DBMgr::EnqueueDbFileDeletes] enqueueing file for delete '/var/opt/mssql/data/ViciOneServiceBusUnitTests_v12_2015_log.ldf'.RecoveryUnit::Shutdown. IsOnline: 12026-08-12 15:34:20.33 Logon       Error: 18456, Severity: 14, State: 38.
mssql-1  | 2026-08-12T15:34:20.340708460Z 
2026-08-12 15:34:20.33 Logon       Login failed for user 'sa'. Reason: Failed to open the explicitly specified database 'ViciOneServiceBusUnitTests_v12_2015'. [CLIENT: 172.19.0.1]
mssql-1  | 2026-08-12T15:34:20.344552339Z 
2026-08-12 15:34:20.33 spid51      [DBMgr::FindFreeDatabaseID] Next available DbId EX locked: 5
mssql-1  | 2026-08-12T15:34:20.459396237Z 
2026-08-12 15:34:20.44 spid51      [5]. Feature Status: PVS: 0. CTR: 0. ConcurrentPFSUpdate: 1. ConcurrentGAMUpdate: 0. ConcurrentSGAMUpdate: 0, CleanupUnderUserTransaction: 0. TranLevelPVS: 0
mssql-1  | 2026-08-12T15:34:20.462283743Z 
2026-08-12 15:34:20.45 spid51      Starting up database 'ViciOneServiceBusUnitTests_v12_2015'.
mssql-1  | 2026-08-12T15:34:20.497321402Z 
2026-08-12 15:34:20.48 spid51      Parallel redo is started for database 'ViciOneServiceBusUnitTests_v12_2015' with worker pool size [1].
mssql-1  | 2026-08-12T15:34:20.530570159Z 
2026-08-12 15:34:20.51 spid51      Parallel redo is shutdown for database 'ViciOneServiceBusUnitTests_v12_2015' with worker pool size [1].
mssql-1  | 2026-08-12T15:34:20.634754841Z 
2026-08-12 15:34:20.62 spid51      WPRBucketTableAccess::Create: Created wpr table wpr_bucket_table on dbid 5.
mssql-1  | 2026-08-12T15:34:20.671501621Z 
2026-08-12 15:34:20.65 spid51      Setting database option READ_COMMITTED_SNAPSHOT to ON for database 'ViciOneServiceBusUnitTests_v12_2015'.
mssql-1  | 2026-08-12T15:34:20.721120103Z 
RecoveryUnit::Shutdown. IsOnline: 02026-08-12 15:34:20.71 spid51      [5]. Feature Status: PVS: 0. CTR: 0. ConcurrentPFSUpdate: 1. ConcurrentGAMUpdate: 0. ConcurrentSGAMUpdate: 0, CleanupUnderUserTransaction: 0. TranLevelPVS: 0
mssql-1  | 2026-08-12T15:34:20.723690469Z 
2026-08-12 15:34:20.72 spid51      Starting up database 'ViciOneServiceBusUnitTests_v12_2015'.
mssql-1  | 2026-08-12T15:34:20.765950712Z 
2026-08-12 15:34:20.76 spid51      Parallel redo is started for database 'ViciOneServiceBusUnitTests_v12_2015' with worker pool size [1].
mssql-1  | 2026-08-12T15:34:20.816466863Z 
2026-08-12 15:34:20.81 spid31s     Parallel redo is shutdown for database 'ViciOneServiceBusUnitTests_v12_2015' with worker pool size [1].
mssql-1  | 2026-08-12T15:34:22.020743506Z 
2026-08-12 15:34:22.01 spid51      Setting database option SINGLE_USER to ON for database 'ViciOneServiceBusUnitTests_v12_2015'.
mssql-1  | 2026-08-12T15:34:22.080878808Z 
[DBMgr::EnqueueDbFileDeletes] enqueueing file for delete '/var/opt/mssql/data/ViciOneServiceBusUnitTests_v12_2015.mdf'.[DBMgr::EnqueueDbFileDeletes] enqueueing file for delete '/var/opt/mssql/data/ViciOneServiceBusUnitTests_v12_2015_log.ldf'.RecoveryUnit::Shutdown. IsOnline: 12026-08-12 15:34:22.07 Logon       Error: 18456, Severity: 14, State: 38.
mssql-1  | 2026-08-12T15:34:22.081791366Z 
2026-08-12 15:34:22.07 Logon       Login failed for user 'sa'. Reason: Failed to open the explicitly specified database 'ViciOneServiceBusUnitTests_v12_2015'. [CLIENT: 172.19.0.1]
mssql-1  | 2026-08-12T15:34:22.086103641Z 
2026-08-12 15:34:22.08 spid51      [DBMgr::FindFreeDatabaseID] Next available DbId EX locked: 5
mssql-1  | 2026-08-12T15:34:22.232690387Z 
2026-08-12 15:34:22.22 spid51      [5]. Feature Status: PVS: 0. CTR: 0. ConcurrentPFSUpdate: 1. ConcurrentGAMUpdate: 0. ConcurrentSGAMUpdate: 0, CleanupUnderUserTransaction: 0. TranLevelPVS: 0
mssql-1  | 2026-08-12T15:34:22.236832056Z 
2026-08-12 15:34:22.23 spid51      Starting up database 'ViciOneServiceBusUnitTests_v12_2015'.
mssql-1  | 2026-08-12T15:34:22.283215655Z 
2026-08-12 15:34:22.27 spid51      Parallel redo is started for database 'ViciOneServiceBusUnitTests_v12_2015' with worker pool size [1].
mssql-1  | 2026-08-12T15:34:22.297866092Z 
2026-08-12 15:34:22.29 spid51      Parallel redo is shutdown for database 'ViciOneServiceBusUnitTests_v12_2015' with worker pool size [1].
mssql-1  | 2026-08-12T15:34:22.354523673Z 
2026-08-12 15:34:22.34 spid51      WPRBucketTableAccess::Create: Created wpr table wpr_bucket_table on dbid 5.
mssql-1  | 2026-08-12T15:34:22.461536904Z 
2026-08-12 15:34:22.45 spid51      Setting database option READ_COMMITTED_SNAPSHOT to ON for database 'ViciOneServiceBusUnitTests_v12_2015'.
mssql-1  | 2026-08-12T15:34:22.487426071Z 2026/08/12 15:34:22 [launchpad] [760d2f80] [00000001] INFO: Pid 208 exited with status 0 for SessionID:00000001-0000-002a-0000-080000000100
mssql-1  | 2026-08-12T15:34:22.487457032Z 2026/08/12 15:34:22 [launchpad] [760d2f80] [00000001] INFO: All current child processes have exited. SessionID:00000001-0000-002a-0000-080000000100
mssql-1  | 2026-08-12T15:34:22.487474523Z 2026/08/12 15:34:22 [launchpad] [760d2f80] [00000001] INFO: Logging stopped for 00000001-0000-002a-0000-080000000100
mssql-1  | 2026-08-12T15:34:22.487630389Z 2026/08/12 15:34:22 [launchpad] [760d2f80] [00000001] WARNING: Error waiting for external service process waitid: no child processes
mssql-1  | 2026-08-12T15:34:22.488185866Z 
The login info is removed from the store and destroyed.
mssql-1  | 2026-08-12T15:34:22.488948482Z 2026/08/12 15:34:22 [launchpad] [760d2f80] [00000001] INFO: Received packet of type 4 [MessageTypeAbort]
mssql-1  | 2026-08-12T15:34:22.489017881Z 2026/08/12 15:34:22 [launchpad] [760d2f80] [00000001] INFO: Packet header: &{Version:1 TypeAndEndOfMessageBit:32772 PacketSizeInBytes:28 SessionID:00000001-0000-002a-0000-080000000100}
mssql-1  | 2026-08-12T15:34:22.489881634Z 2026/08/12 15:34:22 [launchpad] [760d2f80] [00000001] INFO: Receive an abort message from SQL with error values: 0, 0 for SessionID:00000001-0000-002a-0000-080000000100
mssql-1  | 2026-08-12T15:34:22.489906812Z 2026/08/12 15:34:22 [launchpad] [760d2f80] [00000001] INFO: Done processing the packet of type 4 [MessageTypeAbort]
mssql-1  | 2026-08-12T15:34:22.490322291Z 2026/08/12 15:34:22 [launchpad] [760d2f80] [00000001] INFO: Checking launcher scriptType:Unknown 100, ScriptTypeCount:Unknown 5
mssql-1  | 2026-08-12T15:34:22.490345424Z 2026/08/12 15:34:22 [launchpad] [760d2f80] [00000001] INFO: Sending message of type 12 [MessageTypeAck], SessionID:00000001-0000-002a-0000-080000000100
mssql-1  | 2026-08-12T15:34:22.492606401Z 2026/08/12 15:34:22 [launchpad] [760d2f80] [00000001] INFO: Sent message of type 12 [MessageTypeAck], SessionID:00000001-0000-002a-0000-080000000100
mssql-1  | 2026-08-12T15:34:22.492727285Z 2026/08/12 15:34:22 [launchpad] [760d2f80] [00000001] INFO: End processPacketLoop for SessionID:00000001-0000-002a-0000-080000000100
mssql-1  | 2026-08-12T15:34:22.493716084Z 2026/08/12 15:34:22 [launchpadd] [760d2f80] INFO: Received packet of type 18 [MessageTypeXdbDataPackageStop]
mssql-1  | 2026-08-12T15:34:22.495003496Z 2026/08/12 15:34:22 [launchpadd] [760d2f80] INFO: Packet header: &{Version:1 TypeAndEndOfMessageBit:32786 PacketSizeInBytes:40 SessionID:fbc08b86-4903-4c87-bb68-fdf8a60d4d82}
mssql-1  | 2026-08-12T15:34:22.495034599Z 2026/08/12 15:34:22 [launchpadd] [760d2f80] INFO: DataPackageStop message is received with package GUID 760d2f80-81ba-45fe-972a-0085bb3fcd0e.
mssql-1  | 2026-08-12T15:34:22.495051667Z 2026/08/12 15:34:22 [launchpadd] [760d2f80] INFO: Launchpad of package GUID 760d2f80-81ba-45fe-972a-0085bb3fcd0e found in the store.
mssql-1  | 2026-08-12T15:34:22.495354583Z 2026/08/12 15:34:22 [launchpadd] [760d2f80] INFO: Launchpad of package GUID 760d2f80-81ba-45fe-972a-0085bb3fcd0e is terminated.
mssql-1  | 2026-08-12T15:34:22.496804280Z 2026/08/12 15:34:22 [launchpadd] [760d2f80] INFO: resume after receiving stop message. 
mssql-1  | 2026-08-12T15:34:22.496834889Z 2026/08/12 15:34:22 [launchpadd] [760d2f80] INFO: Sending message of type 19 [MessageTypeXdbPackageResume], SessionID:fbc08b86-4903-4c87-bb68-fdf8a60d4d82
mssql-1  | 2026-08-12T15:34:22.496856612Z 2026/08/12 15:34:22 [launchpadd] [760d2f80] INFO: Sent message of type 19 [MessageTypeXdbPackageResume], SessionID:fbc08b86-4903-4c87-bb68-fdf8a60d4d82
mssql-1  | 2026-08-12T15:34:22.519589241Z 
RecoveryUnit::Shutdown. IsOnline: 02026-08-12 15:34:22.51 spid51      [5]. Feature Status: PVS: 0. CTR: 0. ConcurrentPFSUpdate: 1. ConcurrentGAMUpdate: 0. ConcurrentSGAMUpdate: 0, CleanupUnderUserTransaction: 0. TranLevelPVS: 0
mssql-1  | 2026-08-12T15:34:22.520947040Z 
2026-08-12 15:34:22.51 spid51      Starting up database 'ViciOneServiceBusUnitTests_v12_2015'.
mssql-1  | 2026-08-12T15:34:22.560950633Z 
2026-08-12 15:34:22.55 spid51      Parallel redo is started for database 'ViciOneServiceBusUnitTests_v12_2015' with worker pool size [1].
mssql-1  | 2026-08-12T15:34:22.599720979Z 
2026-08-12 15:34:22.59 spid16s     Parallel redo is shutdown for database 'ViciOneServiceBusUnitTests_v12_2015' with worker pool size [1].
mssql-1  | 2026-08-12T15:34:24.764191433Z 
2026-08-12 15:34:24.75 spid51      Setting database option SINGLE_USER to ON for database 'ViciOneServiceBusUnitTests_v12_2015'.
mssql-1  | 2026-08-12T15:34:24.835224515Z 
[DBMgr::EnqueueDbFileDeletes] enqueueing file for delete '/var/opt/mssql/data/ViciOneServiceBusUnitTests_v12_2015.mdf'.[DBMgr::EnqueueDbFileDeletes] enqueueing file for delete '/var/opt/mssql/data/ViciOneServiceBusUnitTests_v12_2015_log.ldf'.RecoveryUnit::Shutdown. IsOnline: 12026-08-12 15:34:24.82 Logon       Error: 18456, Severity: 14, State: 38.
mssql-1  | 2026-08-12T15:34:24.835252735Z 
2026-08-12 15:34:24.82 Logon       Login failed for user 'sa'. Reason: Failed to open the explicitly specified database 'ViciOneServiceBusUnitTests_v12_2015'. [CLIENT: 172.19.0.1]
mssql-1  | 2026-08-12T15:34:24.840767320Z 
2026-08-12 15:34:24.83 spid51      [DBMgr::FindFreeDatabaseID] Next available DbId EX locked: 5
mssql-1  | 2026-08-12T15:34:24.992331575Z 
2026-08-12 15:34:24.98 spid51      [5]. Feature Status: PVS: 0. CTR: 0. ConcurrentPFSUpdate: 1. ConcurrentGAMUpdate: 0. ConcurrentSGAMUpdate: 0, CleanupUnderUserTransaction: 0. TranLevelPVS: 0
mssql-1  | 2026-08-12T15:34:24.993414576Z 
2026-08-12 15:34:24.98 spid51      Starting up database 'ViciOneServiceBusUnitTests_v12_2015'.
mssql-1  | 2026-08-12T15:34:25.033508701Z 
2026-08-12 15:34:25.02 spid51      Parallel redo is started for database 'ViciOneServiceBusUnitTests_v12_2015' with worker pool size [1].
mssql-1  | 2026-08-12T15:34:25.046522729Z 
2026-08-12 15:34:25.03 spid51      Parallel redo is shutdown for database 'ViciOneServiceBusUnitTests_v12_2015' with worker pool size [1].
mssql-1  | 2026-08-12T15:34:25.122752263Z 
2026-08-12 15:34:25.11 spid51      WPRBucketTableAccess::Create: Created wpr table wpr_bucket_table on dbid 5.
mssql-1  | 2026-08-12T15:34:25.153967496Z 
2026-08-12 15:34:25.14 spid51      Setting database option READ_COMMITTED_SNAPSHOT to ON for database 'ViciOneServiceBusUnitTests_v12_2015'.
mssql-1  | 2026-08-12T15:34:25.194889249Z 
RecoveryUnit::Shutdown. IsOnline: 02026-08-12 15:34:25.18 spid51      [5]. Feature Status: PVS: 0. CTR: 0. ConcurrentPFSUpdate: 1. ConcurrentGAMUpdate: 0. ConcurrentSGAMUpdate: 0, CleanupUnderUserTransaction: 0. TranLevelPVS: 0
mssql-1  | 2026-08-12T15:34:25.195834040Z 
2026-08-12 15:34:25.18 spid51      Starting up database 'ViciOneServiceBusUnitTests_v12_2015'.
mssql-1  | 2026-08-12T15:34:25.234682204Z 
2026-08-12 15:34:25.22 spid51      Parallel redo is started for database 'ViciOneServiceBusUnitTests_v12_2015' with worker pool size [1].
mssql-1  | 2026-08-12T15:34:25.271906285Z 
2026-08-12 15:34:25.26 spid15s     Parallel redo is shutdown for database 'ViciOneServiceBusUnitTests_v12_2015' with worker pool size [1].
mssql-1  | 2026-08-12T15:34:27.452765970Z 
2026-08-12 15:34:27.44 spid51      Setting database option SINGLE_USER to ON for database 'ViciOneServiceBusUnitTests_v12_2015'.
mssql-1  | 2026-08-12T15:34:27.508749745Z 
[DBMgr::EnqueueDbFileDeletes] enqueueing file for delete '/var/opt/mssql/data/ViciOneServiceBusUnitTests_v12_2015.mdf'.[DBMgr::EnqueueDbFileDeletes] enqueueing file for delete '/var/opt/mssql/data/ViciOneServiceBusUnitTests_v12_2015_log.ldf'.RecoveryUnit::Shutdown. IsOnline: 12026-08-12 15:34:27.49 Logon       Error: 18456, Severity: 14, State: 38.
mssql-1  | 2026-08-12T15:34:27.508777338Z 
2026-08-12 15:34:27.49 Logon       Login failed for user 'sa'. Reason: Failed to open the explicitly specified database 'ViciOneServiceBusUnitTests_v12_2015'. [CLIENT: 172.19.0.1]
mssql-1  | 2026-08-12T15:34:27.511537447Z 
2026-08-12 15:34:27.50 spid51      [DBMgr::FindFreeDatabaseID] Next available DbId EX locked: 5
mssql-1  | 2026-08-12T15:34:27.631381757Z 
2026-08-12 15:34:27.62 spid51      [5]. Feature Status: PVS: 0. CTR: 0. ConcurrentPFSUpdate: 1. ConcurrentGAMUpdate: 0. ConcurrentSGAMUpdate: 0, CleanupUnderUserTransaction: 0. TranLevelPVS: 0
mssql-1  | 2026-08-12T15:34:27.632608824Z 
2026-08-12 15:34:27.62 spid51      Starting up database 'ViciOneServiceBusUnitTests_v12_2015'.
mssql-1  | 2026-08-12T15:34:27.666280519Z 
2026-08-12 15:34:27.65 spid51      Parallel redo is started for database 'ViciOneServiceBusUnitTests_v12_2015' with worker pool size [1].
mssql-1  | 2026-08-12T15:34:27.677056615Z 
2026-08-12 15:34:27.66 spid51      Parallel redo is shutdown for database 'ViciOneServiceBusUnitTests_v12_2015' with worker pool size [1].
mssql-1  | 2026-08-12T15:34:27.716125170Z 
2026-08-12 15:34:27.70 spid51      WPRBucketTableAccess::Create: Created wpr table wpr_bucket_table on dbid 5.
mssql-1  | 2026-08-12T15:34:27.742083976Z 
2026-08-12 15:34:27.73 spid51      Setting database option READ_COMMITTED_SNAPSHOT to ON for database 'ViciOneServiceBusUnitTests_v12_2015'.
mssql-1  | 2026-08-12T15:34:27.782889044Z 
RecoveryUnit::Shutdown. IsOnline: 02026-08-12 15:34:27.77 spid51      [5]. Feature Status: PVS: 0. CTR: 0. ConcurrentPFSUpdate: 1. ConcurrentGAMUpdate: 0. ConcurrentSGAMUpdate: 0, CleanupUnderUserTransaction: 0. TranLevelPVS: 0
mssql-1  | 2026-08-12T15:34:27.784288828Z 
2026-08-12 15:34:27.77 spid51      Starting up database 'ViciOneServiceBusUnitTests_v12_2015'.
mssql-1  | 2026-08-12T15:34:27.816260941Z 
2026-08-12 15:34:27.80 spid51      Parallel redo is started for database 'ViciOneServiceBusUnitTests_v12_2015' with worker pool size [1].
mssql-1  | 2026-08-12T15:34:27.846379079Z 
2026-08-12 15:34:27.83 spid20s     Parallel redo is shutdown for database 'ViciOneServiceBusUnitTests_v12_2015' with worker pool size [1].
mssql-1  | 2026-08-12T15:34:29.021435639Z 
2026-08-12 15:34:29.01 spid51      Setting database option SINGLE_USER to ON for database 'ViciOneServiceBusUnitTests_v12_2015'.
mssql-1  | 2026-08-12T15:34:29.076912258Z 
[DBMgr::EnqueueDbFileDeletes] enqueueing file for delete '/var/opt/mssql/data/ViciOneServiceBusUnitTests_v12_2015.mdf'.[DBMgr::EnqueueDbFileDeletes] enqueueing file for delete '/var/opt/mssql/data/ViciOneServiceBusUnitTests_v12_2015_log.ldf'.RecoveryUnit::Shutdown. IsOnline: 12026-08-12 15:34:29.06 Logon       Error: 18456, Severity: 14, State: 38.
mssql-1  | 2026-08-12T15:34:29.077173219Z 
2026-08-12 15:34:29.06 Logon       Login failed for user 'sa'. Reason: Failed to open the explicitly specified database 'ViciOneServiceBusUnitTests_v12_2015'. [CLIENT: 172.19.0.1]
mssql-1  | 2026-08-12T15:34:29.080166875Z 
2026-08-12 15:34:29.07 spid51      [DBMgr::FindFreeDatabaseID] Next available DbId EX locked: 5
mssql-1  | 2026-08-12T15:34:29.178062509Z 
2026-08-12 15:34:29.16 spid51      [5]. Feature Status: PVS: 0. CTR: 0. ConcurrentPFSUpdate: 1. ConcurrentGAMUpdate: 0. ConcurrentSGAMUpdate: 0, CleanupUnderUserTransaction: 0. TranLevelPVS: 0
mssql-1  | 2026-08-12T15:34:29.179419283Z 
2026-08-12 15:34:29.17 spid51      Starting up database 'ViciOneServiceBusUnitTests_v12_2015'.
mssql-1  | 2026-08-12T15:34:29.212809358Z 
2026-08-12 15:34:29.20 spid51      Parallel redo is started for database 'ViciOneServiceBusUnitTests_v12_2015' with worker pool size [1].
mssql-1  | 2026-08-12T15:34:29.227040061Z 
2026-08-12 15:34:29.21 spid51      Parallel redo is shutdown for database 'ViciOneServiceBusUnitTests_v12_2015' with worker pool size [1].
mssql-1  | 2026-08-12T15:34:29.276167345Z 
2026-08-12 15:34:29.26 spid51      WPRBucketTableAccess::Create: Created wpr table wpr_bucket_table on dbid 5.
mssql-1  | 2026-08-12T15:34:29.302355842Z 
2026-08-12 15:34:29.29 spid51      Setting database option READ_COMMITTED_SNAPSHOT to ON for database 'ViciOneServiceBusUnitTests_v12_2015'.
mssql-1  | 2026-08-12T15:34:29.334902649Z 
RecoveryUnit::Shutdown. IsOnline: 02026-08-12 15:34:29.32 spid51      [5]. Feature Status: PVS: 0. CTR: 0. ConcurrentPFSUpdate: 1. ConcurrentGAMUpdate: 0. ConcurrentSGAMUpdate: 0, CleanupUnderUserTransaction: 0. TranLevelPVS: 0
mssql-1  | 2026-08-12T15:34:29.335915987Z 
2026-08-12 15:34:29.32 spid51      Starting up database 'ViciOneServiceBusUnitTests_v12_2015'.
mssql-1  | 2026-08-12T15:34:29.368341046Z 
2026-08-12 15:34:29.36 spid51      Parallel redo is started for database 'ViciOneServiceBusUnitTests_v12_2015' with worker pool size [1].
mssql-1  | 2026-08-12T15:34:29.400568542Z 
2026-08-12 15:34:29.39 spid17s     Parallel redo is shutdown for database 'ViciOneServiceBusUnitTests_v12_2015' with worker pool size [1].
mssql-1  | 2026-08-12T15:34:36.594843182Z 
2026-08-12 15:34:36.58 spid51      Setting database option SINGLE_USER to ON for database 'ViciOneServiceBusUnitTests_v12_2015'.
mssql-1  | 2026-08-12T15:34:36.659044465Z 
[DBMgr::EnqueueDbFileDeletes] enqueueing file for delete '/var/opt/mssql/data/ViciOneServiceBusUnitTests_v12_2015.mdf'.[DBMgr::EnqueueDbFileDeletes] enqueueing file for delete '/var/opt/mssql/data/ViciOneServiceBusUnitTests_v12_2015_log.ldf'.RecoveryUnit::Shutdown. IsOnline: 12026-08-12 15:34:36.64 Logon       Error: 18456, Severity: 14, State: 38.
mssql-1  | 2026-08-12T15:34:36.659169654Z 
2026-08-12 15:34:36.64 Logon       Login failed for user 'sa'. Reason: Failed to open the explicitly specified database 'ViciOneServiceBusUnitTests_v12_2015'. [CLIENT: 172.19.0.1]
mssql-1  | 2026-08-12T15:34:36.661977817Z 
2026-08-12 15:34:36.65 spid51      [DBMgr::FindFreeDatabaseID] Next available DbId EX locked: 5
mssql-1  | 2026-08-12T15:34:36.760811043Z 
2026-08-12 15:34:36.74 spid51      [5]. Feature Status: PVS: 0. CTR: 0. ConcurrentPFSUpdate: 1. ConcurrentGAMUpdate: 0. ConcurrentSGAMUpdate: 0, CleanupUnderUserTransaction: 0. TranLevelPVS: 0
mssql-1  | 2026-08-12T15:34:36.762272506Z 
2026-08-12 15:34:36.75 spid51      Starting up database 'ViciOneServiceBusUnitTests_v12_2015'.
mssql-1  | 2026-08-12T15:34:36.796843499Z 
2026-08-12 15:34:36.78 spid51      Parallel redo is started for database 'ViciOneServiceBusUnitTests_v12_2015' with worker pool size [1].
mssql-1  | 2026-08-12T15:34:36.806031855Z 
2026-08-12 15:34:36.79 spid51      Parallel redo is shutdown for database 'ViciOneServiceBusUnitTests_v12_2015' with worker pool size [1].
mssql-1  | 2026-08-12T15:34:36.844517833Z 
2026-08-12 15:34:36.83 spid51      WPRBucketTableAccess::Create: Created wpr table wpr_bucket_table on dbid 5.
mssql-1  | 2026-08-12T15:34:36.874280029Z 
2026-08-12 15:34:36.86 spid51      Setting database option READ_COMMITTED_SNAPSHOT to ON for database 'ViciOneServiceBusUnitTests_v12_2015'.
mssql-1  | 2026-08-12T15:34:36.912409756Z 
RecoveryUnit::Shutdown. IsOnline: 02026-08-12 15:34:36.90 spid51      [5]. Feature Status: PVS: 0. CTR: 0. ConcurrentPFSUpdate: 1. ConcurrentGAMUpdate: 0. ConcurrentSGAMUpdate: 0, CleanupUnderUserTransaction: 0. TranLevelPVS: 0
mssql-1  | 2026-08-12T15:34:36.915068589Z 
2026-08-12 15:34:36.90 spid51      Starting up database 'ViciOneServiceBusUnitTests_v12_2015'.
mssql-1  | 2026-08-12T15:34:36.947415654Z 
2026-08-12 15:34:36.93 spid51      Parallel redo is started for database 'ViciOneServiceBusUnitTests_v12_2015' with worker pool size [1].
mssql-1  | 2026-08-12T15:34:36.978490612Z 
2026-08-12 15:34:36.96 spid19s     Parallel redo is shutdown for database 'ViciOneServiceBusUnitTests_v12_2015' with worker pool size [1].
mssql-1  | 2026-08-12T15:34:49.190956477Z 
2026-08-12 15:34:49.18 spid51      Setting database option SINGLE_USER to ON for database 'ViciOneServiceBusUnitTests_v12_2015'.
mssql-1  | 2026-08-12T15:34:49.248068283Z 
[DBMgr::EnqueueDbFileDeletes] enqueueing file for delete '/var/opt/mssql/data/ViciOneServiceBusUnitTests_v12_2015.mdf'.[DBMgr::EnqueueDbFileDeletes] enqueueing file for delete '/var/opt/mssql/data/ViciOneServiceBusUnitTests_v12_2015_log.ldf'.RecoveryUnit::Shutdown. IsOnline: 12026-08-12 15:34:49.24 Logon       Error: 18456, Severity: 14, State: 38.
mssql-1  | 2026-08-12T15:34:49.248110430Z 
2026-08-12 15:34:49.24 Logon       Login failed for user 'sa'. Reason: Failed to open the explicitly specified database 'ViciOneServiceBusUnitTests_v12_2015'. [CLIENT: 172.19.0.1]
mssql-1  | 2026-08-12T15:34:49.251320635Z 
2026-08-12 15:34:49.25 spid51      [DBMgr::FindFreeDatabaseID] Next available DbId EX locked: 5
mssql-1  | 2026-08-12T15:34:49.356270649Z 
2026-08-12 15:34:49.35 spid51      [5]. Feature Status: PVS: 0. CTR: 0. ConcurrentPFSUpdate: 1. ConcurrentGAMUpdate: 0. ConcurrentSGAMUpdate: 0, CleanupUnderUserTransaction: 0. TranLevelPVS: 0
mssql-1  | 2026-08-12T15:34:49.357242540Z 
2026-08-12 15:34:49.35 spid51      Starting up database 'ViciOneServiceBusUnitTests_v12_2015'.
mssql-1  | 2026-08-12T15:34:49.391219999Z 
2026-08-12 15:34:49.38 spid51      Parallel redo is started for database 'ViciOneServiceBusUnitTests_v12_2015' with worker pool size [1].
mssql-1  | 2026-08-12T15:34:49.402303085Z 
2026-08-12 15:34:49.40 spid51      Parallel redo is shutdown for database 'ViciOneServiceBusUnitTests_v12_2015' with worker pool size [1].
mssql-1  | 2026-08-12T15:34:49.451131767Z 
2026-08-12 15:34:49.45 spid51      WPRBucketTableAccess::Create: Created wpr table wpr_bucket_table on dbid 5.
mssql-1  | 2026-08-12T15:34:49.477517134Z 
2026-08-12 15:34:49.47 spid51      Setting database option READ_COMMITTED_SNAPSHOT to ON for database 'ViciOneServiceBusUnitTests_v12_2015'.
mssql-1  | 2026-08-12T15:34:49.514334107Z 
RecoveryUnit::Shutdown. IsOnline: 02026-08-12 15:34:49.51 spid51      [5]. Feature Status: PVS: 0. CTR: 0. ConcurrentPFSUpdate: 1. ConcurrentGAMUpdate: 0. ConcurrentSGAMUpdate: 0, CleanupUnderUserTransaction: 0. TranLevelPVS: 0
mssql-1  | 2026-08-12T15:34:49.516181603Z 
2026-08-12 15:34:49.51 spid51      Starting up database 'ViciOneServiceBusUnitTests_v12_2015'.
mssql-1  | 2026-08-12T15:34:49.549653727Z 
2026-08-12 15:34:49.54 spid51      Parallel redo is started for database 'ViciOneServiceBusUnitTests_v12_2015' with worker pool size [1].
mssql-1  | 2026-08-12T15:34:49.584539472Z 
2026-08-12 15:34:49.58 spid15s     Parallel redo is shutdown for database 'ViciOneServiceBusUnitTests_v12_2015' with worker pool size [1].
mssql-1  | 2026-08-12T15:34:49.895396691Z 
2026-08-12 15:34:49.89 spid51      Setting database option SINGLE_USER to ON for database 'ViciOneServiceBusUnitTests_v12_2015'.
mssql-1  | 2026-08-12T15:34:49.956851395Z 
[DBMgr::EnqueueDbFileDeletes] enqueueing file for delete '/var/opt/mssql/data/ViciOneServiceBusUnitTests_v12_2015.mdf'.[DBMgr::EnqueueDbFileDeletes] enqueueing file for delete '/var/opt/mssql/data/ViciOneServiceBusUnitTests_v12_2015_log.ldf'.RecoveryUnit::Shutdown. IsOnline: 12026-08-12 15:34:49.95 Logon       Error: 18456, Severity: 14, State: 38.
mssql-1  | 2026-08-12T15:34:49.957591656Z 
2026-08-12 15:34:49.95 Logon       Login failed for user 'sa'. Reason: Failed to open the explicitly specified database 'ViciOneServiceBusUnitTests_v12_2015'. [CLIENT: 172.19.0.1]
mssql-1  | 2026-08-12T15:34:49.961259300Z 
2026-08-12 15:34:49.95 spid51      [DBMgr::FindFreeDatabaseID] Next available DbId EX locked: 5
mssql-1  | 2026-08-12T15:34:50.082991911Z 
2026-08-12 15:34:50.08 spid51      [5]. Feature Status: PVS: 0. CTR: 0. ConcurrentPFSUpdate: 1. ConcurrentGAMUpdate: 0. ConcurrentSGAMUpdate: 0, CleanupUnderUserTransaction: 0. TranLevelPVS: 0
mssql-1  | 2026-08-12T15:34:50.084341042Z 
2026-08-12 15:34:50.08 spid51      Starting up database 'ViciOneServiceBusUnitTests_v12_2015'.
mssql-1  | 2026-08-12T15:34:50.121864311Z 
2026-08-12 15:34:50.12 spid51      Parallel redo is started for database 'ViciOneServiceBusUnitTests_v12_2015' with worker pool size [1].
mssql-1  | 2026-08-12T15:34:50.136443932Z 
2026-08-12 15:34:50.13 spid51      Parallel redo is shutdown for database 'ViciOneServiceBusUnitTests_v12_2015' with worker pool size [1].
mssql-1  | 2026-08-12T15:34:50.204187971Z 
2026-08-12 15:34:50.19 spid51      WPRBucketTableAccess::Create: Created wpr table wpr_bucket_table on dbid 5.
mssql-1  | 2026-08-12T15:34:50.233727201Z 
2026-08-12 15:34:50.22 spid51      Setting database option READ_COMMITTED_SNAPSHOT to ON for database 'ViciOneServiceBusUnitTests_v12_2015'.
mssql-1  | 2026-08-12T15:34:50.272968515Z 
RecoveryUnit::Shutdown. IsOnline: 02026-08-12 15:34:50.26 spid51      [5]. Feature Status: PVS: 0. CTR: 0. ConcurrentPFSUpdate: 1. ConcurrentGAMUpdate: 0. ConcurrentSGAMUpdate: 0, CleanupUnderUserTransaction: 0. TranLevelPVS: 0
mssql-1  | 2026-08-12T15:34:50.275435322Z 
2026-08-12 15:34:50.26 spid51      Starting up database 'ViciOneServiceBusUnitTests_v12_2015'.
mssql-1  | 2026-08-12T15:34:50.342309964Z 
2026-08-12 15:34:50.32 spid51      Parallel redo is started for database 'ViciOneServiceBusUnitTests_v12_2015' with worker pool size [1].
mssql-1  | 2026-08-12T15:34:50.385525633Z 
2026-08-12 15:34:50.37 spid20s     Parallel redo is shutdown for database 'ViciOneServiceBusUnitTests_v12_2015' with worker pool size [1].
mssql-1  | 2026-08-12T15:35:01.349732674Z 
2026-08-12 15:35:01.33 spid51      Setting database option SINGLE_USER to ON for database 'ViciOneServiceBusUnitTests_v12_2015'.
mssql-1  | 2026-08-12T15:35:01.431780490Z 
[DBMgr::EnqueueDbFileDeletes] enqueueing file for delete '/var/opt/mssql/data/ViciOneServiceBusUnitTests_v12_2015.mdf'.[DBMgr::EnqueueDbFileDeletes] enqueueing file for delete '/var/opt/mssql/data/ViciOneServiceBusUnitTests_v12_2015_log.ldf'.RecoveryUnit::Shutdown. IsOnline: 12026-08-12 15:35:01.41 Logon       Error: 18456, Severity: 14, State: 38.
mssql-1  | 2026-08-12T15:35:01.433397625Z 
2026-08-12 15:35:01.41 Logon       Login failed for user 'sa'. Reason: Failed to open the explicitly specified database 'ViciOneServiceBusUnitTests_v12_2015'. [CLIENT: 172.19.0.1]
mssql-1  | 2026-08-12T15:35:01.437176003Z 
2026-08-12 15:35:01.42 spid51      [DBMgr::FindFreeDatabaseID] Next available DbId EX locked: 5
mssql-1  | 2026-08-12T15:35:01.565238479Z 
2026-08-12 15:35:01.55 spid51      [5]. Feature Status: PVS: 0. CTR: 0. ConcurrentPFSUpdate: 1. ConcurrentGAMUpdate: 0. ConcurrentSGAMUpdate: 0, CleanupUnderUserTransaction: 0. TranLevelPVS: 0
mssql-1  | 2026-08-12T15:35:01.566598604Z 
2026-08-12 15:35:01.55 spid51      Starting up database 'ViciOneServiceBusUnitTests_v12_2015'.
mssql-1  | 2026-08-12T15:35:01.604509507Z 
2026-08-12 15:35:01.59 spid51      Parallel redo is started for database 'ViciOneServiceBusUnitTests_v12_2015' with worker pool size [1].
mssql-1  | 2026-08-12T15:35:01.620075168Z 
2026-08-12 15:35:01.60 spid51      Parallel redo is shutdown for database 'ViciOneServiceBusUnitTests_v12_2015' with worker pool size [1].
mssql-1  | 2026-08-12T15:35:01.684684025Z 
2026-08-12 15:35:01.67 spid51      WPRBucketTableAccess::Create: Created wpr table wpr_bucket_table on dbid 5.
mssql-1  | 2026-08-12T15:35:01.712807222Z 
2026-08-12 15:35:01.69 spid51      Setting database option READ_COMMITTED_SNAPSHOT to ON for database 'ViciOneServiceBusUnitTests_v12_2015'.
mssql-1  | 2026-08-12T15:35:01.755189066Z 
RecoveryUnit::Shutdown. IsOnline: 02026-08-12 15:35:01.74 spid51      [5]. Feature Status: PVS: 0. CTR: 0. ConcurrentPFSUpdate: 1. ConcurrentGAMUpdate: 0. ConcurrentSGAMUpdate: 0, CleanupUnderUserTransaction: 0. TranLevelPVS: 0
mssql-1  | 2026-08-12T15:35:01.756261035Z 
2026-08-12 15:35:01.74 spid51      Starting up database 'ViciOneServiceBusUnitTests_v12_2015'.
mssql-1  | 2026-08-12T15:35:01.792415739Z 
2026-08-12 15:35:01.77 spid51      Parallel redo is started for database 'ViciOneServiceBusUnitTests_v12_2015' with worker pool size [1].
mssql-1  | 2026-08-12T15:35:01.826942996Z 
2026-08-12 15:35:01.81 spid19s     Parallel redo is shutdown for database 'ViciOneServiceBusUnitTests_v12_2015' with worker pool size [1].
mssql-1  | 2026-08-12T15:35:02.032570777Z 
2026-08-12 15:35:02.01 spid51      Setting database option SINGLE_USER to ON for database 'ViciOneServiceBusUnitTests_v12_2015'.
mssql-1  | 2026-08-12T15:35:02.092467593Z 
[DBMgr::EnqueueDbFileDeletes] enqueueing file for delete '/var/opt/mssql/data/ViciOneServiceBusUnitTests_v12_2015.mdf'.[DBMgr::EnqueueDbFileDeletes] enqueueing file for delete '/var/opt/mssql/data/ViciOneServiceBusUnitTests_v12_2015_log.ldf'.RecoveryUnit::Shutdown. IsOnline: 12026-08-12 15:35:02.07 Logon       Error: 18456, Severity: 14, State: 38.
mssql-1  | 2026-08-12T15:35:02.092491857Z 
2026-08-12 15:35:02.07 Logon       Login failed for user 'sa'. Reason: Failed to open the explicitly specified database 'ViciOneServiceBusUnitTests_v12_2015'. [CLIENT: 172.19.0.1]
mssql-1  | 2026-08-12T15:35:02.095962278Z 
2026-08-12 15:35:02.07 spid51      [DBMgr::FindFreeDatabaseID] Next available DbId EX locked: 5
mssql-1  | 2026-08-12T15:35:02.214493658Z 
2026-08-12 15:35:02.19 spid51      [5]. Feature Status: PVS: 0. CTR: 0. ConcurrentPFSUpdate: 1. ConcurrentGAMUpdate: 0. ConcurrentSGAMUpdate: 0, CleanupUnderUserTransaction: 0. TranLevelPVS: 0
mssql-1  | 2026-08-12T15:35:02.216158160Z 
2026-08-12 15:35:02.19 spid51      Starting up database 'ViciOneServiceBusUnitTests_v12_2015'.
mssql-1  | 2026-08-12T15:35:02.253091001Z 
2026-08-12 15:35:02.23 spid51      Parallel redo is started for database 'ViciOneServiceBusUnitTests_v12_2015' with worker pool size [1].
mssql-1  | 2026-08-12T15:35:02.265253594Z 
2026-08-12 15:35:02.24 spid51      Parallel redo is shutdown for database 'ViciOneServiceBusUnitTests_v12_2015' with worker pool size [1].
mssql-1  | 2026-08-12T15:35:02.340973794Z 
2026-08-12 15:35:02.33 spid51      WPRBucketTableAccess::Create: Created wpr table wpr_bucket_table on dbid 5.
mssql-1  | 2026-08-12T15:35:02.367998057Z 
2026-08-12 15:35:02.35 spid51      Setting database option READ_COMMITTED_SNAPSHOT to ON for database 'ViciOneServiceBusUnitTests_v12_2015'.
mssql-1  | 2026-08-12T15:35:02.407971705Z 
RecoveryUnit::Shutdown. IsOnline: 02026-08-12 15:35:02.39 spid51      [5]. Feature Status: PVS: 0. CTR: 0. ConcurrentPFSUpdate: 1. ConcurrentGAMUpdate: 0. ConcurrentSGAMUpdate: 0, CleanupUnderUserTransaction: 0. TranLevelPVS: 0
mssql-1  | 2026-08-12T15:35:02.409165683Z 
2026-08-12 15:35:02.39 spid51      Starting up database 'ViciOneServiceBusUnitTests_v12_2015'.
mssql-1  | 2026-08-12T15:35:02.444619665Z 
2026-08-12 15:35:02.43 spid51      Parallel redo is started for database 'ViciOneServiceBusUnitTests_v12_2015' with worker pool size [1].
mssql-1  | 2026-08-12T15:35:02.480124500Z 
2026-08-12 15:35:02.46 spid15s     Parallel redo is shutdown for database 'ViciOneServiceBusUnitTests_v12_2015' with worker pool size [1].
mssql-1  | 2026-08-12T15:35:02.672747408Z 
2026-08-12 15:35:02.65 spid51      Setting database option SINGLE_USER to ON for database 'ViciOneServiceBusUnitTests_v12_2015'.
mssql-1  | 2026-08-12T15:35:02.975704523Z 
[DBMgr::EnqueueDbFileDeletes] enqueueing file for delete '/var/opt/mssql/data/ViciOneServiceBusUnitTests_v12_2015.mdf'.[DBMgr::EnqueueDbFileDeletes] enqueueing file for delete '/var/opt/mssql/data/ViciOneServiceBusUnitTests_v12_2015_log.ldf'.RecoveryUnit::Shutdown. IsOnline: 12026-08-12 15:35:02.96 Logon       Error: 18456, Severity: 14, State: 38.
mssql-1  | 2026-08-12T15:35:02.975726812Z 
2026-08-12 15:35:02.96 Logon       Login failed for user 'sa'. Reason: Failed to open the explicitly specified database 'ViciOneServiceBusUnitTests_v12_2015'. [CLIENT: 172.19.0.1]
mssql-1  | 2026-08-12T15:35:02.980562042Z 
2026-08-12 15:35:02.96 spid51      [DBMgr::FindFreeDatabaseID] Next available DbId EX locked: 5
mssql-1  | 2026-08-12T15:35:03.088285157Z 
2026-08-12 15:35:03.07 spid51      [5]. Feature Status: PVS: 0. CTR: 0. ConcurrentPFSUpdate: 1. ConcurrentGAMUpdate: 0. ConcurrentSGAMUpdate: 0, CleanupUnderUserTransaction: 0. TranLevelPVS: 0
mssql-1  | 2026-08-12T15:35:03.089096325Z 
2026-08-12 15:35:03.07 spid51      Starting up database 'ViciOneServiceBusUnitTests_v12_2015'.
mssql-1  | 2026-08-12T15:35:03.123292514Z 
2026-08-12 15:35:03.10 spid51      Parallel redo is started for database 'ViciOneServiceBusUnitTests_v12_2015' with worker pool size [1].
mssql-1  | 2026-08-12T15:35:03.134809577Z 
2026-08-12 15:35:03.12 spid51      Parallel redo is shutdown for database 'ViciOneServiceBusUnitTests_v12_2015' with worker pool size [1].
mssql-1  | 2026-08-12T15:35:03.176915613Z 
2026-08-12 15:35:03.16 spid51      WPRBucketTableAccess::Create: Created wpr table wpr_bucket_table on dbid 5.
mssql-1  | 2026-08-12T15:35:03.208192748Z 
2026-08-12 15:35:03.19 spid51      Setting database option READ_COMMITTED_SNAPSHOT to ON for database 'ViciOneServiceBusUnitTests_v12_2015'.
mssql-1  | 2026-08-12T15:35:03.245564782Z 
RecoveryUnit::Shutdown. IsOnline: 02026-08-12 15:35:03.22 spid51      [5]. Feature Status: PVS: 0. CTR: 0. ConcurrentPFSUpdate: 1. ConcurrentGAMUpdate: 0. ConcurrentSGAMUpdate: 0, CleanupUnderUserTransaction: 0. TranLevelPVS: 0
mssql-1  | 2026-08-12T15:35:03.247152881Z 
2026-08-12 15:35:03.23 spid51      Starting up database 'ViciOneServiceBusUnitTests_v12_2015'.
mssql-1  | 2026-08-12T15:35:03.282243229Z 
2026-08-12 15:35:03.26 spid51      Parallel redo is started for database 'ViciOneServiceBusUnitTests_v12_2015' with worker pool size [1].
mssql-1  | 2026-08-12T15:35:03.319605047Z 
2026-08-12 15:35:03.30 spid31s     Parallel redo is shutdown for database 'ViciOneServiceBusUnitTests_v12_2015' with worker pool size [1].
mssql-1  | 2026-08-12T15:35:03.456380711Z 
2026-08-12 15:35:03.45 spid51      Setting database option SINGLE_USER to ON for database 'ViciOneServiceBusUnitTests_v12_2015'.
mssql-1  | 2026-08-12T15:35:03.518435346Z 
[DBMgr::EnqueueDbFileDeletes] enqueueing file for delete '/var/opt/mssql/data/ViciOneServiceBusUnitTests_v12_2015.mdf'.[DBMgr::EnqueueDbFileDeletes] enqueueing file for delete '/var/opt/mssql/data/ViciOneServiceBusUnitTests_v12_2015_log.ldf'.RecoveryUnit::Shutdown. IsOnline: 12026-08-12 15:35:03.51 Logon       Error: 18456, Severity: 14, State: 38.
mssql-1  | 2026-08-12T15:35:03.518526368Z 
2026-08-12 15:35:03.51 Logon       Login failed for user 'sa'. Reason: Failed to open the explicitly specified database 'ViciOneServiceBusUnitTests_v12_2015'. [CLIENT: 172.19.0.1]
mssql-1  | 2026-08-12T15:35:03.522320630Z 
2026-08-12 15:35:03.51 spid51      [DBMgr::FindFreeDatabaseID] Next available DbId EX locked: 5
mssql-1  | 2026-08-12T15:35:03.628289346Z 
2026-08-12 15:35:03.62 spid51      [5]. Feature Status: PVS: 0. CTR: 0. ConcurrentPFSUpdate: 1. ConcurrentGAMUpdate: 0. ConcurrentSGAMUpdate: 0, CleanupUnderUserTransaction: 0. TranLevelPVS: 0
mssql-1  | 2026-08-12T15:35:03.629863919Z 
2026-08-12 15:35:03.62 spid51      Starting up database 'ViciOneServiceBusUnitTests_v12_2015'.
mssql-1  | 2026-08-12T15:35:03.663541942Z 
2026-08-12 15:35:03.65 spid51      Parallel redo is started for database 'ViciOneServiceBusUnitTests_v12_2015' with worker pool size [1].
mssql-1  | 2026-08-12T15:35:03.675494250Z 
2026-08-12 15:35:03.66 spid51      Parallel redo is shutdown for database 'ViciOneServiceBusUnitTests_v12_2015' with worker pool size [1].
mssql-1  | 2026-08-12T15:35:03.728216355Z 
2026-08-12 15:35:03.72 spid51      WPRBucketTableAccess::Create: Created wpr table wpr_bucket_table on dbid 5.
mssql-1  | 2026-08-12T15:35:03.757271125Z 
2026-08-12 15:35:03.74 spid51      Setting database option READ_COMMITTED_SNAPSHOT to ON for database 'ViciOneServiceBusUnitTests_v12_2015'.
mssql-1  | 2026-08-12T15:35:03.798206060Z 
RecoveryUnit::Shutdown. IsOnline: 02026-08-12 15:35:03.78 spid51      [5]. Feature Status: PVS: 0. CTR: 0. ConcurrentPFSUpdate: 1. ConcurrentGAMUpdate: 0. ConcurrentSGAMUpdate: 0, CleanupUnderUserTransaction: 0. TranLevelPVS: 0
mssql-1  | 2026-08-12T15:35:03.799294804Z 
2026-08-12 15:35:03.79 spid51      Starting up database 'ViciOneServiceBusUnitTests_v12_2015'.
mssql-1  | 2026-08-12T15:35:03.835766478Z 
2026-08-12 15:35:03.82 spid51      Parallel redo is started for database 'ViciOneServiceBusUnitTests_v12_2015' with worker pool size [1].
mssql-1  | 2026-08-12T15:35:03.869885593Z 
2026-08-12 15:35:03.86 spid17s     Parallel redo is shutdown for database 'ViciOneServiceBusUnitTests_v12_2015' with worker pool size [1].
mssql-1  | 2026-08-12T15:35:03.997443493Z 
2026-08-12 15:35:03.98 spid51      Setting database option SINGLE_USER to ON for database 'ViciOneServiceBusUnitTests_v12_2015'.
mssql-1  | 2026-08-12T15:35:15.336894259Z 
[DBMgr::EnqueueDbFileDeletes] enqueueing file for delete '/var/opt/mssql/data/ViciOneServiceBusUnitTests_v12_2015.mdf'.[DBMgr::EnqueueDbFileDeletes] enqueueing file for delete '/var/opt/mssql/data/ViciOneServiceBusUnitTests_v12_2015_log.ldf'.RecoveryUnit::Shutdown. IsOnline: 12026-08-12 15:35:15.33 Logon       Error: 18456, Severity: 14, State: 38.
mssql-1  | 2026-08-12T15:35:15.338549498Z 
2026-08-12 15:35:15.33 Logon       Login failed for user 'sa'. Reason: Failed to open the explicitly specified database 'ViciOneServiceBusUnitTests_v12_2015'. [CLIENT: 172.19.0.1]
mssql-1  | 2026-08-12T15:35:15.348491078Z 
2026-08-12 15:35:15.34 spid51      [DBMgr::FindFreeDatabaseID] Next available DbId EX locked: 5
mssql-1  | 2026-08-12T15:35:15.478675674Z 
2026-08-12 15:35:15.47 spid51      [5]. Feature Status: PVS: 0. CTR: 0. ConcurrentPFSUpdate: 1. ConcurrentGAMUpdate: 0. ConcurrentSGAMUpdate: 0, CleanupUnderUserTransaction: 0. TranLevelPVS: 0
mssql-1  | 2026-08-12T15:35:15.478947243Z 
2026-08-12 15:35:15.47 spid51      Starting up database 'ViciOneServiceBusUnitTests_v12_2015'.
mssql-1  | 2026-08-12T15:35:15.513862565Z 
2026-08-12 15:35:15.50 spid51      Parallel redo is started for database 'ViciOneServiceBusUnitTests_v12_2015' with worker pool size [1].
mssql-1  | 2026-08-12T15:35:15.523481483Z 
2026-08-12 15:35:15.51 spid51      Parallel redo is shutdown for database 'ViciOneServiceBusUnitTests_v12_2015' with worker pool size [1].
mssql-1  | 2026-08-12T15:35:15.639287922Z 
2026-08-12 15:35:15.63 spid51      WPRBucketTableAccess::Create: Created wpr table wpr_bucket_table on dbid 5.
mssql-1  | 2026-08-12T15:35:15.675744046Z 
2026-08-12 15:35:15.66 spid51      Setting database option READ_COMMITTED_SNAPSHOT to ON for database 'ViciOneServiceBusUnitTests_v12_2015'.
mssql-1  | 2026-08-12T15:35:15.718270359Z 
RecoveryUnit::Shutdown. IsOnline: 02026-08-12 15:35:15.71 spid51      [5]. Feature Status: PVS: 0. CTR: 0. ConcurrentPFSUpdate: 1. ConcurrentGAMUpdate: 0. ConcurrentSGAMUpdate: 0, CleanupUnderUserTransaction: 0. TranLevelPVS: 0
mssql-1  | 2026-08-12T15:35:15.719419696Z 
2026-08-12 15:35:15.71 spid51      Starting up database 'ViciOneServiceBusUnitTests_v12_2015'.
mssql-1  | 2026-08-12T15:35:15.754269016Z 
2026-08-12 15:35:15.74 spid51      Parallel redo is started for database 'ViciOneServiceBusUnitTests_v12_2015' with worker pool size [1].
mssql-1  | 2026-08-12T15:35:15.793371255Z 
2026-08-12 15:35:15.78 spid19s     Parallel redo is shutdown for database 'ViciOneServiceBusUnitTests_v12_2015' with worker pool size [1].
mssql-1  | 2026-08-12T15:35:21.190710916Z 
2026-08-12 15:35:21.17 spid6s      Using 'dbghelp.dll' version '4.0.5'
mssql-1  | 2026-08-12T15:35:26.888238328Z 
2026-08-12 15:35:26.87 spid51      Setting database option SINGLE_USER to ON for database 'ViciOneServiceBusUnitTests_v12_2015'.
mssql-1  | 2026-08-12T15:35:26.968745919Z 
[DBMgr::EnqueueDbFileDeletes] enqueueing file for delete '/var/opt/mssql/data/ViciOneServiceBusUnitTests_v12_2015.mdf'.[DBMgr::EnqueueDbFileDeletes] enqueueing file for delete '/var/opt/mssql/data/ViciOneServiceBusUnitTests_v12_2015_log.ldf'.RecoveryUnit::Shutdown. IsOnline: 12026-08-12 15:35:26.95 Logon       Error: 18456, Severity: 14, State: 38.
mssql-1  | 2026-08-12T15:35:26.968776549Z 
2026-08-12 15:35:26.95 Logon       Login failed for user 'sa'. Reason: Failed to open the explicitly specified database 'ViciOneServiceBusUnitTests_v12_2015'. [CLIENT: 172.19.0.1]
mssql-1  | 2026-08-12T15:35:26.972431154Z 
2026-08-12 15:35:26.95 spid51      [DBMgr::FindFreeDatabaseID] Next available DbId EX locked: 5
mssql-1  | 2026-08-12T15:35:27.093117191Z 
2026-08-12 15:35:27.07 spid51      [5]. Feature Status: PVS: 0. CTR: 0. ConcurrentPFSUpdate: 1. ConcurrentGAMUpdate: 0. ConcurrentSGAMUpdate: 0, CleanupUnderUserTransaction: 0. TranLevelPVS: 0
mssql-1  | 2026-08-12T15:35:27.094050993Z 
2026-08-12 15:35:27.08 spid51      Starting up database 'ViciOneServiceBusUnitTests_v12_2015'.
mssql-1  | 2026-08-12T15:35:27.130867222Z 
2026-08-12 15:35:27.11 spid51      Parallel redo is started for database 'ViciOneServiceBusUnitTests_v12_2015' with worker pool size [1].
mssql-1  | 2026-08-12T15:35:27.143142084Z 
2026-08-12 15:35:27.12 spid51      Parallel redo is shutdown for database 'ViciOneServiceBusUnitTests_v12_2015' with worker pool size [1].
mssql-1  | 2026-08-12T15:35:27.191967797Z 
2026-08-12 15:35:27.17 spid51      WPRBucketTableAccess::Create: Created wpr table wpr_bucket_table on dbid 5.
mssql-1  | 2026-08-12T15:35:27.218267320Z 
2026-08-12 15:35:27.20 spid51      Setting database option READ_COMMITTED_SNAPSHOT to ON for database 'ViciOneServiceBusUnitTests_v12_2015'.
mssql-1  | 2026-08-12T15:35:27.257381444Z 
RecoveryUnit::Shutdown. IsOnline: 02026-08-12 15:35:27.24 spid51      [5]. Feature Status: PVS: 0. CTR: 0. ConcurrentPFSUpdate: 1. ConcurrentGAMUpdate: 0. ConcurrentSGAMUpdate: 0, CleanupUnderUserTransaction: 0. TranLevelPVS: 0
mssql-1  | 2026-08-12T15:35:27.259071710Z 
2026-08-12 15:35:27.24 spid51      Starting up database 'ViciOneServiceBusUnitTests_v12_2015'.
mssql-1  | 2026-08-12T15:35:27.293984318Z 
2026-08-12 15:35:27.28 spid51      Parallel redo is started for database 'ViciOneServiceBusUnitTests_v12_2015' with worker pool size [1].
mssql-1  | 2026-08-12T15:35:27.333612627Z 
2026-08-12 15:35:27.31 spid31s     Parallel redo is shutdown for database 'ViciOneServiceBusUnitTests_v12_2015' with worker pool size [1].
mssql-1  | 2026-08-12T15:35:38.371049131Z 
2026-08-12 15:35:38.36 spid51      Setting database option SINGLE_USER to ON for database 'ViciOneServiceBusUnitTests_v12_2015'.
mssql-1  | 2026-08-12T15:35:38.437060045Z 
[DBMgr::EnqueueDbFileDeletes] enqueueing file for delete '/var/opt/mssql/data/ViciOneServiceBusUnitTests_v12_2015.mdf'.[DBMgr::EnqueueDbFileDeletes] enqueueing file for delete '/var/opt/mssql/data/ViciOneServiceBusUnitTests_v12_2015_log.ldf'.RecoveryUnit::Shutdown. IsOnline: 12026-08-12 15:35:38.43 Logon       Error: 18456, Severity: 14, State: 38.
mssql-1  | 2026-08-12T15:35:38.437089799Z 
2026-08-12 15:35:38.43 Logon       Login failed for user 'sa'. Reason: Failed to open the explicitly specified database 'ViciOneServiceBusUnitTests_TransactionOutbox'. [CLIENT: 172.19.0.1]
mssql-1  | 2026-08-12T15:35:38.444065184Z 
2026-08-12 15:35:38.43 spid51      [DBMgr::FindFreeDatabaseID] Next available DbId EX locked: 5
mssql-1  | 2026-08-12T15:35:38.559115690Z 
2026-08-12 15:35:38.55 spid51      [5]. Feature Status: PVS: 0. CTR: 0. ConcurrentPFSUpdate: 1. ConcurrentGAMUpdate: 0. ConcurrentSGAMUpdate: 0, CleanupUnderUserTransaction: 0. TranLevelPVS: 0
mssql-1  | 2026-08-12T15:35:38.560007007Z 
2026-08-12 15:35:38.55 spid51      Starting up database 'ViciOneServiceBusUnitTests_TransactionOutbox'.
mssql-1  | 2026-08-12T15:35:38.594079887Z 
2026-08-12 15:35:38.58 spid51      Parallel redo is started for database 'ViciOneServiceBusUnitTests_TransactionOutbox' with worker pool size [1].
mssql-1  | 2026-08-12T15:35:38.605484594Z 
2026-08-12 15:35:38.59 spid51      Parallel redo is shutdown for database 'ViciOneServiceBusUnitTests_TransactionOutbox' with worker pool size [1].
mssql-1  | 2026-08-12T15:35:38.694290648Z 
2026-08-12 15:35:38.68 spid51      WPRBucketTableAccess::Create: Created wpr table wpr_bucket_table on dbid 5.
mssql-1  | 2026-08-12T15:35:38.726494118Z 
2026-08-12 15:35:38.71 spid51      Setting database option READ_COMMITTED_SNAPSHOT to ON for database 'ViciOneServiceBusUnitTests_TransactionOutbox'.
mssql-1  | 2026-08-12T15:35:38.766612507Z 
RecoveryUnit::Shutdown. IsOnline: 02026-08-12 15:35:38.75 spid51      [5]. Feature Status: PVS: 0. CTR: 0. ConcurrentPFSUpdate: 1. ConcurrentGAMUpdate: 0. ConcurrentSGAMUpdate: 0, CleanupUnderUserTransaction: 0. TranLevelPVS: 0
mssql-1  | 2026-08-12T15:35:38.767643431Z 
2026-08-12 15:35:38.75 spid51      Starting up database 'ViciOneServiceBusUnitTests_TransactionOutbox'.
mssql-1  | 2026-08-12T15:35:38.804724295Z 
2026-08-12 15:35:38.79 spid51      Parallel redo is started for database 'ViciOneServiceBusUnitTests_TransactionOutbox' with worker pool size [1].
mssql-1  | 2026-08-12T15:35:38.838326805Z 
2026-08-12 15:35:38.82 spid19s     Parallel redo is shutdown for database 'ViciOneServiceBusUnitTests_TransactionOutbox' with worker pool size [1].
mssql-1  | 2026-08-12T15:35:48.360913620Z 
2026-08-12 15:35:48.35 Logon       Error: 18456, Severity: 14, State: 38.
mssql-1  | 2026-08-12T15:35:48.360969338Z 
2026-08-12 15:35:48.35 Logon       Login failed for user 'sa'. Reason: Failed to open the explicitly specified database 'ViciOneServiceBusUnitTests_v12_2015'. [CLIENT: 172.19.0.1]
mssql-1  | 2026-08-12T15:35:48.365819939Z 
2026-08-12 15:35:48.36 spid51      [DBMgr::FindFreeDatabaseID] Next available DbId EX locked: 6
mssql-1  | 2026-08-12T15:35:48.469530242Z 
2026-08-12 15:35:48.46 spid51      [6]. Feature Status: PVS: 0. CTR: 0. ConcurrentPFSUpdate: 1. ConcurrentGAMUpdate: 0. ConcurrentSGAMUpdate: 0, CleanupUnderUserTransaction: 0. TranLevelPVS: 0
mssql-1  | 2026-08-12T15:35:48.470699138Z 
2026-08-12 15:35:48.46 spid51      Starting up database 'ViciOneServiceBusUnitTests_v12_2015'.
mssql-1  | 2026-08-12T15:35:48.504404151Z 
2026-08-12 15:35:48.49 spid51      Parallel redo is started for database 'ViciOneServiceBusUnitTests_v12_2015' with worker pool size [1].
mssql-1  | 2026-08-12T15:35:48.515577332Z 
2026-08-12 15:35:48.50 spid51      Parallel redo is shutdown for database 'ViciOneServiceBusUnitTests_v12_2015' with worker pool size [1].
mssql-1  | 2026-08-12T15:35:48.546012495Z 
2026-08-12 15:35:48.54 spid51      WPRBucketTableAccess::Create: Created wpr table wpr_bucket_table on dbid 6.
mssql-1  | 2026-08-12T15:35:48.573511629Z 
2026-08-12 15:35:48.56 spid51      Setting database option READ_COMMITTED_SNAPSHOT to ON for database 'ViciOneServiceBusUnitTests_v12_2015'.
mssql-1  | 2026-08-12T15:35:48.610037235Z 
RecoveryUnit::Shutdown. IsOnline: 02026-08-12 15:35:48.60 spid51      [6]. Feature Status: PVS: 0. CTR: 0. ConcurrentPFSUpdate: 1. ConcurrentGAMUpdate: 0. ConcurrentSGAMUpdate: 0, CleanupUnderUserTransaction: 0. TranLevelPVS: 0
mssql-1  | 2026-08-12T15:35:48.612790390Z 
2026-08-12 15:35:48.60 spid51      Starting up database 'ViciOneServiceBusUnitTests_v12_2015'.
mssql-1  | 2026-08-12T15:35:48.644259645Z 
2026-08-12 15:35:48.63 spid51      Parallel redo is started for database 'ViciOneServiceBusUnitTests_v12_2015' with worker pool size [1].
mssql-1  | 2026-08-12T15:35:48.679394393Z 
2026-08-12 15:35:48.67 spid15s     Parallel redo is shutdown for database 'ViciOneServiceBusUnitTests_v12_2015' with worker pool size [1].
mssql-1  | 2026-08-12T15:35:48.877224112Z 
2026-08-12 15:35:48.87 spid51      Setting database option SINGLE_USER to ON for database 'ViciOneServiceBusUnitTests_v12_2015'.
mssql-1  | 2026-08-12T15:35:48.934437085Z 
[DBMgr::EnqueueDbFileDeletes] enqueueing file for delete '/var/opt/mssql/data/ViciOneServiceBusUnitTests_v12_2015.mdf'.[DBMgr::EnqueueDbFileDeletes] enqueueing file for delete '/var/opt/mssql/data/ViciOneServiceBusUnitTests_v12_2015_log.ldf'.RecoveryUnit::Shutdown. IsOnline: 12026-08-12 15:35:48.92 Logon       Error: 18456, Severity: 14, State: 38.
mssql-1  | 2026-08-12T15:35:48.934479681Z 
2026-08-12 15:35:48.92 Logon       Login failed for user 'sa'. Reason: Failed to open the explicitly specified database 'ViciOneServiceBusUnitTests_v12_2015'. [CLIENT: 172.19.0.1]
mssql-1  | 2026-08-12T15:35:48.937836337Z 
2026-08-12 15:35:48.93 spid51      [DBMgr::FindFreeDatabaseID] Next available DbId EX locked: 6
mssql-1  | 2026-08-12T15:35:49.043927259Z 
2026-08-12 15:35:49.03 spid51      [6]. Feature Status: PVS: 0. CTR: 0. ConcurrentPFSUpdate: 1. ConcurrentGAMUpdate: 0. ConcurrentSGAMUpdate: 0, CleanupUnderUserTransaction: 0. TranLevelPVS: 0
mssql-1  | 2026-08-12T15:35:49.046255744Z 
2026-08-12 15:35:49.03 spid51      Starting up database 'ViciOneServiceBusUnitTests_v12_2015'.
mssql-1  | 2026-08-12T15:35:49.078434479Z 
2026-08-12 15:35:49.07 spid51      Parallel redo is started for database 'ViciOneServiceBusUnitTests_v12_2015' with worker pool size [1].
mssql-1  | 2026-08-12T15:35:49.092555341Z 
2026-08-12 15:35:49.08 spid51      Parallel redo is shutdown for database 'ViciOneServiceBusUnitTests_v12_2015' with worker pool size [1].
mssql-1  | 2026-08-12T15:35:49.200430275Z 
2026-08-12 15:35:49.19 spid51      WPRBucketTableAccess::Create: Created wpr table wpr_bucket_table on dbid 6.
mssql-1  | 2026-08-12T15:35:49.227344932Z 
2026-08-12 15:35:49.22 spid51      Setting database option READ_COMMITTED_SNAPSHOT to ON for database 'ViciOneServiceBusUnitTests_v12_2015'.
mssql-1  | 2026-08-12T15:35:49.263872033Z 
RecoveryUnit::Shutdown. IsOnline: 02026-08-12 15:35:49.25 spid51      [6]. Feature Status: PVS: 0. CTR: 0. ConcurrentPFSUpdate: 1. ConcurrentGAMUpdate: 0. ConcurrentSGAMUpdate: 0, CleanupUnderUserTransaction: 0. TranLevelPVS: 0
mssql-1  | 2026-08-12T15:35:49.265504125Z 
2026-08-12 15:35:49.25 spid51      Starting up database 'ViciOneServiceBusUnitTests_v12_2015'.
mssql-1  | 2026-08-12T15:35:49.300931054Z 
2026-08-12 15:35:49.29 spid51      Parallel redo is started for database 'ViciOneServiceBusUnitTests_v12_2015' with worker pool size [1].
mssql-1  | 2026-08-12T15:35:49.361025585Z 
2026-08-12 15:35:49.35 spid31s     Parallel redo is shutdown for database 'ViciOneServiceBusUnitTests_v12_2015' with worker pool size [1].
mssql-1  | 2026-08-12T15:35:49.534309344Z 
2026-08-12 15:35:49.52 spid51      Setting database option SINGLE_USER to ON for database 'ViciOneServiceBusUnitTests_v12_2015'.
mssql-1  | 2026-08-12T15:35:49.761469482Z 
[DBMgr::EnqueueDbFileDeletes] enqueueing file for delete '/var/opt/mssql/data/ViciOneServiceBusUnitTests_v12_2015.mdf'.[DBMgr::EnqueueDbFileDeletes] enqueueing file for delete '/var/opt/mssql/data/ViciOneServiceBusUnitTests_v12_2015_log.ldf'.RecoveryUnit::Shutdown. IsOnline: 12026-08-12 15:35:49.75 Logon       Error: 18456, Severity: 14, State: 38.
mssql-1  | 2026-08-12T15:35:49.761498729Z 
2026-08-12 15:35:49.75 Logon       Login failed for user 'sa'. Reason: Failed to open the explicitly specified database 'ViciOneServiceBusUnitTests_v12_2015'. [CLIENT: 172.19.0.1]
mssql-1  | 2026-08-12T15:35:49.764879342Z 
2026-08-12 15:35:49.75 spid51      [DBMgr::FindFreeDatabaseID] Next available DbId EX locked: 6
mssql-1  | 2026-08-12T15:35:49.879940673Z 
2026-08-12 15:35:49.87 spid51      [6]. Feature Status: PVS: 0. CTR: 0. ConcurrentPFSUpdate: 1. ConcurrentGAMUpdate: 0. ConcurrentSGAMUpdate: 0, CleanupUnderUserTransaction: 0. TranLevelPVS: 0
mssql-1  | 2026-08-12T15:35:49.880816897Z 
2026-08-12 15:35:49.87 spid51      Starting up database 'ViciOneServiceBusUnitTests_v12_2015'.
mssql-1  | 2026-08-12T15:35:49.914745765Z 
2026-08-12 15:35:49.90 spid51      Parallel redo is started for database 'ViciOneServiceBusUnitTests_v12_2015' with worker pool size [1].
mssql-1  | 2026-08-12T15:35:49.927825160Z 
2026-08-12 15:35:49.92 spid51      Parallel redo is shutdown for database 'ViciOneServiceBusUnitTests_v12_2015' with worker pool size [1].
mssql-1  | 2026-08-12T15:35:49.974267415Z 
2026-08-12 15:35:49.96 spid51      WPRBucketTableAccess::Create: Created wpr table wpr_bucket_table on dbid 6.
mssql-1  | 2026-08-12T15:35:50.004320265Z 
2026-08-12 15:35:49.99 spid51      Setting database option READ_COMMITTED_SNAPSHOT to ON for database 'ViciOneServiceBusUnitTests_v12_2015'.
mssql-1  | 2026-08-12T15:35:50.039109448Z 
RecoveryUnit::Shutdown. IsOnline: 02026-08-12 15:35:50.03 spid51      [6]. Feature Status: PVS: 0. CTR: 0. ConcurrentPFSUpdate: 1. ConcurrentGAMUpdate: 0. ConcurrentSGAMUpdate: 0, CleanupUnderUserTransaction: 0. TranLevelPVS: 0
mssql-1  | 2026-08-12T15:35:50.039879967Z 
2026-08-12 15:35:50.03 spid51      Starting up database 'ViciOneServiceBusUnitTests_v12_2015'.
mssql-1  | 2026-08-12T15:35:50.074625966Z 
2026-08-12 15:35:50.06 spid51      Parallel redo is started for database 'ViciOneServiceBusUnitTests_v12_2015' with worker pool size [1].
mssql-1  | 2026-08-12T15:35:50.105695891Z 
2026-08-12 15:35:50.09 spid17s     Parallel redo is shutdown for database 'ViciOneServiceBusUnitTests_v12_2015' with worker pool size [1].
mssql-1  | 2026-08-12T15:35:50.226756390Z 
2026-08-12 15:35:50.21 spid51      Setting database option SINGLE_USER to ON for database 'ViciOneServiceBusUnitTests_v12_2015'.
mssql-1  | 2026-08-12T15:35:50.282676422Z 
[DBMgr::EnqueueDbFileDeletes] enqueueing file for delete '/var/opt/mssql/data/ViciOneServiceBusUnitTests_v12_2015.mdf'.[DBMgr::EnqueueDbFileDeletes] enqueueing file for delete '/var/opt/mssql/data/ViciOneServiceBusUnitTests_v12_2015_log.ldf'.RecoveryUnit::Shutdown. IsOnline: 12026-08-12 15:35:50.26 Logon       Error: 18456, Severity: 14, State: 38.
mssql-1  | 2026-08-12T15:35:50.282706707Z 
2026-08-12 15:35:50.26 Logon       Login failed for user 'sa'. Reason: Failed to open the explicitly specified database 'ViciOneServiceBusUnitTests_v12_2015'. [CLIENT: 172.19.0.1]
mssql-1  | 2026-08-12T15:35:50.286196022Z 
2026-08-12 15:35:50.27 spid51      [DBMgr::FindFreeDatabaseID] Next available DbId EX locked: 6
mssql-1  | 2026-08-12T15:35:50.390582920Z 
2026-08-12 15:35:50.37 spid51      [6]. Feature Status: PVS: 0. CTR: 0. ConcurrentPFSUpdate: 1. ConcurrentGAMUpdate: 0. ConcurrentSGAMUpdate: 0, CleanupUnderUserTransaction: 0. TranLevelPVS: 0
mssql-1  | 2026-08-12T15:35:50.392612868Z 
2026-08-12 15:35:50.37 spid51      Starting up database 'ViciOneServiceBusUnitTests_v12_2015'.
mssql-1  | 2026-08-12T15:35:50.426301479Z 
2026-08-12 15:35:50.41 spid51      Parallel redo is started for database 'ViciOneServiceBusUnitTests_v12_2015' with worker pool size [1].
mssql-1  | 2026-08-12T15:35:50.440469753Z 
2026-08-12 15:35:50.42 spid51      Parallel redo is shutdown for database 'ViciOneServiceBusUnitTests_v12_2015' with worker pool size [1].
mssql-1  | 2026-08-12T15:35:50.473072094Z 
2026-08-12 15:35:50.46 spid51      WPRBucketTableAccess::Create: Created wpr table wpr_bucket_table on dbid 6.
mssql-1  | 2026-08-12T15:35:50.501625685Z 
2026-08-12 15:35:50.48 spid51      Setting database option READ_COMMITTED_SNAPSHOT to ON for database 'ViciOneServiceBusUnitTests_v12_2015'.
mssql-1  | 2026-08-12T15:35:50.536131716Z 
RecoveryUnit::Shutdown. IsOnline: 02026-08-12 15:35:50.52 spid51      [6]. Feature Status: PVS: 0. CTR: 0. ConcurrentPFSUpdate: 1. ConcurrentGAMUpdate: 0. ConcurrentSGAMUpdate: 0, CleanupUnderUserTransaction: 0. TranLevelPVS: 0
mssql-1  | 2026-08-12T15:35:50.540047267Z 
2026-08-12 15:35:50.52 spid51      Starting up database 'ViciOneServiceBusUnitTests_v12_2015'.
mssql-1  | 2026-08-12T15:35:50.573577862Z 
2026-08-12 15:35:50.56 spid51      Parallel redo is started for database 'ViciOneServiceBusUnitTests_v12_2015' with worker pool size [1].
mssql-1  | 2026-08-12T15:35:50.612753208Z 
2026-08-12 15:35:50.59 spid20s     Parallel redo is shutdown for database 'ViciOneServiceBusUnitTests_v12_2015' with worker pool size [1].
mssql-1  | 2026-08-12T15:35:50.729989993Z 
2026-08-12 15:35:50.71 spid51      Setting database option SINGLE_USER to ON for database 'ViciOneServiceBusUnitTests_v12_2015'.
mssql-1  | 2026-08-12T15:35:50.967647222Z 
[DBMgr::EnqueueDbFileDeletes] enqueueing file for delete '/var/opt/mssql/data/ViciOneServiceBusUnitTests_v12_2015.mdf'.[DBMgr::EnqueueDbFileDeletes] enqueueing file for delete '/var/opt/mssql/data/ViciOneServiceBusUnitTests_v12_2015_log.ldf'.RecoveryUnit::Shutdown. IsOnline: 12026-08-12 15:35:50.95 Logon       Error: 18456, Severity: 14, State: 38.
mssql-1  | 2026-08-12T15:35:50.967708423Z 
2026-08-12 15:35:50.95 Logon       Login failed for user 'sa'. Reason: Failed to open the explicitly specified database 'ViciOneServiceBusUnitTests_v12_2015'. [CLIENT: 172.19.0.1]
mssql-1  | 2026-08-12T15:35:50.971498346Z 
2026-08-12 15:35:50.95 spid51      [DBMgr::FindFreeDatabaseID] Next available DbId EX locked: 6
mssql-1  | 2026-08-12T15:35:51.082752868Z 
2026-08-12 15:35:51.07 spid51      [6]. Feature Status: PVS: 0. CTR: 0. ConcurrentPFSUpdate: 1. ConcurrentGAMUpdate: 0. ConcurrentSGAMUpdate: 0, CleanupUnderUserTransaction: 0. TranLevelPVS: 0
mssql-1  | 2026-08-12T15:35:51.084276531Z 
2026-08-12 15:35:51.08 spid51      Starting up database 'ViciOneServiceBusUnitTests_v12_2015'.
mssql-1  | 2026-08-12T15:35:51.118300333Z 
2026-08-12 15:35:51.11 spid51      Parallel redo is started for database 'ViciOneServiceBusUnitTests_v12_2015' with worker pool size [1].
mssql-1  | 2026-08-12T15:35:51.131571821Z 
2026-08-12 15:35:51.12 spid51      Parallel redo is shutdown for database 'ViciOneServiceBusUnitTests_v12_2015' with worker pool size [1].
mssql-1  | 2026-08-12T15:35:51.183095849Z 
2026-08-12 15:35:51.18 spid51      WPRBucketTableAccess::Create: Created wpr table wpr_bucket_table on dbid 6.
mssql-1  | 2026-08-12T15:35:51.212963231Z 
2026-08-12 15:35:51.21 spid51      Setting database option READ_COMMITTED_SNAPSHOT to ON for database 'ViciOneServiceBusUnitTests_v12_2015'.
mssql-1  | 2026-08-12T15:35:51.252463685Z 
RecoveryUnit::Shutdown. IsOnline: 02026-08-12 15:35:51.24 spid51      [6]. Feature Status: PVS: 0. CTR: 0. ConcurrentPFSUpdate: 1. ConcurrentGAMUpdate: 0. ConcurrentSGAMUpdate: 0, CleanupUnderUserTransaction: 0. TranLevelPVS: 0
mssql-1  | 2026-08-12T15:35:51.253286938Z 
2026-08-12 15:35:51.25 spid51      Starting up database 'ViciOneServiceBusUnitTests_v12_2015'.
mssql-1  | 2026-08-12T15:35:51.285701935Z 
2026-08-12 15:35:51.28 spid51      Parallel redo is started for database 'ViciOneServiceBusUnitTests_v12_2015' with worker pool size [1].
mssql-1  | 2026-08-12T15:35:51.317547774Z 
2026-08-12 15:35:51.31 spid19s     Parallel redo is shutdown for database 'ViciOneServiceBusUnitTests_v12_2015' with worker pool size [1].
mssql-1  | 2026-08-12T15:35:51.441036655Z 
2026-08-12 15:35:51.43 spid51      Setting database option SINGLE_USER to ON for database 'ViciOneServiceBusUnitTests_v12_2015'.
mssql-1  | 2026-08-12T15:35:51.496527756Z 
[DBMgr::EnqueueDbFileDeletes] enqueueing file for delete '/var/opt/mssql/data/ViciOneServiceBusUnitTests_v12_2015.mdf'.[DBMgr::EnqueueDbFileDeletes] enqueueing file for delete '/var/opt/mssql/data/ViciOneServiceBusUnitTests_v12_2015_log.ldf'.RecoveryUnit::Shutdown. IsOnline: 12026-08-12 15:35:51.49 Logon       Error: 18456, Severity: 14, State: 38.
mssql-1  | 2026-08-12T15:35:51.496553334Z 
2026-08-12 15:35:51.49 Logon       Login failed for user 'sa'. Reason: Failed to open the explicitly specified database 'ViciOneServiceBusUnitTests_v12_2015'. [CLIENT: 172.19.0.1]
mssql-1  | 2026-08-12T15:35:51.500407515Z 
2026-08-12 15:35:51.49 spid51      [DBMgr::FindFreeDatabaseID] Next available DbId EX locked: 6
mssql-1  | 2026-08-12T15:35:51.611004300Z 
2026-08-12 15:35:51.60 spid51      [6]. Feature Status: PVS: 0. CTR: 0. ConcurrentPFSUpdate: 1. ConcurrentGAMUpdate: 0. ConcurrentSGAMUpdate: 0, CleanupUnderUserTransaction: 0. TranLevelPVS: 0
mssql-1  | 2026-08-12T15:35:51.612816326Z 
2026-08-12 15:35:51.61 spid51      Starting up database 'ViciOneServiceBusUnitTests_v12_2015'.
mssql-1  | 2026-08-12T15:35:51.645969854Z 
2026-08-12 15:35:51.64 spid51      Parallel redo is started for database 'ViciOneServiceBusUnitTests_v12_2015' with worker pool size [1].
mssql-1  | 2026-08-12T15:35:51.656443276Z 
2026-08-12 15:35:51.65 spid51      Parallel redo is shutdown for database 'ViciOneServiceBusUnitTests_v12_2015' with worker pool size [1].
mssql-1  | 2026-08-12T15:35:51.749261984Z 
2026-08-12 15:35:51.74 spid51      WPRBucketTableAccess::Create: Created wpr table wpr_bucket_table on dbid 6.
mssql-1  | 2026-08-12T15:35:51.774252635Z 
2026-08-12 15:35:51.77 spid51      Setting database option READ_COMMITTED_SNAPSHOT to ON for database 'ViciOneServiceBusUnitTests_v12_2015'.
mssql-1  | 2026-08-12T15:35:51.815398124Z 
RecoveryUnit::Shutdown. IsOnline: 02026-08-12 15:35:51.81 spid51      [6]. Feature Status: PVS: 0. CTR: 0. ConcurrentPFSUpdate: 1. ConcurrentGAMUpdate: 0. ConcurrentSGAMUpdate: 0, CleanupUnderUserTransaction: 0. TranLevelPVS: 0
mssql-1  | 2026-08-12T15:35:51.816403224Z 
2026-08-12 15:35:51.81 spid51      Starting up database 'ViciOneServiceBusUnitTests_v12_2015'.
mssql-1  | 2026-08-12T15:35:51.848874982Z 
2026-08-12 15:35:51.84 spid51      Parallel redo is started for database 'ViciOneServiceBusUnitTests_v12_2015' with worker pool size [1].
mssql-1  | 2026-08-12T15:35:51.881692075Z 
2026-08-12 15:35:51.87 spid16s     Parallel redo is shutdown for database 'ViciOneServiceBusUnitTests_v12_2015' with worker pool size [1].
mssql-1  | 2026-08-12T15:35:51.994634584Z 
2026-08-12 15:35:51.99 spid51      Setting database option SINGLE_USER to ON for database 'ViciOneServiceBusUnitTests_v12_2015'.
mssql-1  | 2026-08-12T15:36:25.234282046Z 
[DBMgr::EnqueueDbFileDeletes] enqueueing file for delete '/var/opt/mssql/data/ViciOneServiceBusUnitTests_v12_2015.mdf'.[DBMgr::EnqueueDbFileDeletes] enqueueing file for delete '/var/opt/mssql/data/ViciOneServiceBusUnitTests_v12_2015_log.ldf'.RecoveryUnit::Shutdown. IsOnline: 12026-08-12 15:36:25.22 Logon       Error: 18456, Severity: 14, State: 38.
mssql-1  | 2026-08-12T15:36:25.234873647Z 
2026-08-12 15:36:25.22 Logon       Login failed for user 'sa'. Reason: Failed to open the explicitly specified database 'ViciOneServiceBusUnitTests_v12_2015'. [CLIENT: 172.19.0.1]
mssql-1  | 2026-08-12T15:36:25.250050877Z 
2026-08-12 15:36:25.24 spid51      [DBMgr::FindFreeDatabaseID] Next available DbId EX locked: 6
mssql-1  | 2026-08-12T15:36:25.358818598Z 
2026-08-12 15:36:25.35 spid51      [6]. Feature Status: PVS: 0. CTR: 0. ConcurrentPFSUpdate: 1. ConcurrentGAMUpdate: 0. ConcurrentSGAMUpdate: 0, CleanupUnderUserTransaction: 0. TranLevelPVS: 0
mssql-1  | 2026-08-12T15:36:25.360463418Z 
2026-08-12 15:36:25.35 spid51      Starting up database 'ViciOneServiceBusUnitTests_v12_2015'.
mssql-1  | 2026-08-12T15:36:25.393847767Z 
2026-08-12 15:36:25.38 spid51      Parallel redo is started for database 'ViciOneServiceBusUnitTests_v12_2015' with worker pool size [1].
mssql-1  | 2026-08-12T15:36:25.408586056Z 
2026-08-12 15:36:25.40 spid51      Parallel redo is shutdown for database 'ViciOneServiceBusUnitTests_v12_2015' with worker pool size [1].
mssql-1  | 2026-08-12T15:36:25.449276168Z 
2026-08-12 15:36:25.44 spid51      WPRBucketTableAccess::Create: Created wpr table wpr_bucket_table on dbid 6.
mssql-1  | 2026-08-12T15:36:25.475558299Z 
2026-08-12 15:36:25.46 spid51      Setting database option READ_COMMITTED_SNAPSHOT to ON for database 'ViciOneServiceBusUnitTests_v12_2015'.
mssql-1  | 2026-08-12T15:36:25.509545797Z 
RecoveryUnit::Shutdown. IsOnline: 02026-08-12 15:36:25.50 spid51      [6]. Feature Status: PVS: 0. CTR: 0. ConcurrentPFSUpdate: 1. ConcurrentGAMUpdate: 0. ConcurrentSGAMUpdate: 0, CleanupUnderUserTransaction: 0. TranLevelPVS: 0
mssql-1  | 2026-08-12T15:36:25.510667472Z 
2026-08-12 15:36:25.50 spid51      Starting up database 'ViciOneServiceBusUnitTests_v12_2015'.
mssql-1  | 2026-08-12T15:36:25.546479119Z 
2026-08-12 15:36:25.53 spid51      Parallel redo is started for database 'ViciOneServiceBusUnitTests_v12_2015' with worker pool size [1].
mssql-1  | 2026-08-12T15:36:25.578471190Z 
2026-08-12 15:36:25.57 spid20s     Parallel redo is shutdown for database 'ViciOneServiceBusUnitTests_v12_2015' with worker pool size [1].
mssql-1  | 2026-08-12T15:36:27.437714090Z 
2026-08-12 15:36:27.42 spid51      Setting database option SINGLE_USER to ON for database 'ViciOneServiceBusUnitTests_v12_2015'.
mssql-1  | 2026-08-12T15:36:27.493795914Z 
[DBMgr::EnqueueDbFileDeletes] enqueueing file for delete '/var/opt/mssql/data/ViciOneServiceBusUnitTests_v12_2015.mdf'.[DBMgr::EnqueueDbFileDeletes] enqueueing file for delete '/var/opt/mssql/data/ViciOneServiceBusUnitTests_v12_2015_log.ldf'.RecoveryUnit::Shutdown. IsOnline: 12026-08-12 15:36:27.48 Logon       Error: 18456, Severity: 14, State: 38.
mssql-1  | 2026-08-12T15:36:27.493825301Z 
2026-08-12 15:36:27.48 Logon       Login failed for user 'sa'. Reason: Failed to open the explicitly specified database 'ViciOneServiceBusUnitTests_v12_2015'. [CLIENT: 172.19.0.1]
mssql-1  | 2026-08-12T15:36:34.835350191Z 
2026-08-12 15:36:34.82 Logon       Error: 18456, Severity: 14, State: 38.
mssql-1  | 2026-08-12T15:36:34.835382289Z 
2026-08-12 15:36:34.82 Logon       Login failed for user 'sa'. Reason: Failed to open the explicitly specified database 'ViciOneServiceBusUnitTests_v12_2015'. [CLIENT: 172.19.0.1]
mssql-1  | 2026-08-12T15:36:49.486548165Z 
2026-08-12 15:36:49.47 Logon       Error: 18456, Severity: 14, State: 38.
mssql-1  | 2026-08-12T15:36:49.486574885Z 
2026-08-12 15:36:49.47 Logon       Login failed for user 'sa'. Reason: Failed to open the explicitly specified database 'ViciOneServiceBusUnitTests_v12_2015'. [CLIENT: 172.19.0.1]
mssql-1  | 2026-08-12T15:37:28.896296803Z 
2026-08-12 15:37:28.88 Logon       Error: 18456, Severity: 14, State: 38.
mssql-1  | 2026-08-12T15:37:28.897251317Z 
2026-08-12 15:37:28.88 Logon       Login failed for user 'sa'. Reason: Failed to open the explicitly specified database 'ViciOneServiceBusUnitTests_v12_2015'. [CLIENT: 172.19.0.1]
mssql-1  | 2026-08-12T15:37:28.900687049Z 
2026-08-12 15:37:28.89 spid51      [DBMgr::FindFreeDatabaseID] Next available DbId EX locked: 6
mssql-1  | 2026-08-12T15:37:29.009826620Z 
2026-08-12 15:37:29.00 spid51      [6]. Feature Status: PVS: 0. CTR: 0. ConcurrentPFSUpdate: 1. ConcurrentGAMUpdate: 0. ConcurrentSGAMUpdate: 0, CleanupUnderUserTransaction: 0. TranLevelPVS: 0
mssql-1  | 2026-08-12T15:37:29.010679657Z 
2026-08-12 15:37:29.00 spid51      Starting up database 'ViciOneServiceBusUnitTests_v12_2015'.
mssql-1  | 2026-08-12T15:37:29.045034618Z 
2026-08-12 15:37:29.03 spid51      Parallel redo is started for database 'ViciOneServiceBusUnitTests_v12_2015' with worker pool size [1].
mssql-1  | 2026-08-12T15:37:29.059328285Z 
2026-08-12 15:37:29.04 spid51      Parallel redo is shutdown for database 'ViciOneServiceBusUnitTests_v12_2015' with worker pool size [1].
mssql-1  | 2026-08-12T15:37:29.149360294Z 
2026-08-12 15:37:29.13 spid51      WPRBucketTableAccess::Create: Created wpr table wpr_bucket_table on dbid 6.
mssql-1  | 2026-08-12T15:37:29.244207592Z 
2026-08-12 15:37:29.23 spid51      Setting database option READ_COMMITTED_SNAPSHOT to ON for database 'ViciOneServiceBusUnitTests_v12_2015'.
mssql-1  | 2026-08-12T15:37:29.282029558Z 
RecoveryUnit::Shutdown. IsOnline: 02026-08-12 15:37:29.27 spid51      [6]. Feature Status: PVS: 0. CTR: 0. ConcurrentPFSUpdate: 1. ConcurrentGAMUpdate: 0. ConcurrentSGAMUpdate: 0, CleanupUnderUserTransaction: 0. TranLevelPVS: 0
mssql-1  | 2026-08-12T15:37:29.282701604Z 
2026-08-12 15:37:29.27 spid51      Starting up database 'ViciOneServiceBusUnitTests_v12_2015'.
mssql-1  | 2026-08-12T15:37:29.323136560Z 
2026-08-12 15:37:29.31 spid51      Parallel redo is started for database 'ViciOneServiceBusUnitTests_v12_2015' with worker pool size [1].
mssql-1  | 2026-08-12T15:37:29.355901239Z 
2026-08-12 15:37:29.34 spid16s     Parallel redo is shutdown for database 'ViciOneServiceBusUnitTests_v12_2015' with worker pool size [1].
mssql-1  | 2026-08-12T15:37:30.048833363Z 
2026-08-12 15:37:30.04 spid51      Setting database option SINGLE_USER to ON for database 'ViciOneServiceBusUnitTests_v12_2015'.
mssql-1  | 2026-08-12T15:37:30.111194203Z 
[DBMgr::EnqueueDbFileDeletes] enqueueing file for delete '/var/opt/mssql/data/ViciOneServiceBusUnitTests_v12_2015.mdf'.[DBMgr::EnqueueDbFileDeletes] enqueueing file for delete '/var/opt/mssql/data/ViciOneServiceBusUnitTests_v12_2015_log.ldf'.RecoveryUnit::Shutdown. IsOnline: 12026-08-12 15:37:30.10 Logon       Error: 18456, Severity: 14, State: 38.
mssql-1  | 2026-08-12T15:37:30.111437387Z 
2026-08-12 15:37:30.10 Logon       Login failed for user 'sa'. Reason: Failed to open the explicitly specified database 'ViciOneServiceBusUnitTests_v12_2015'. [CLIENT: 172.19.0.1]
mssql-1  | 2026-08-12T15:37:36.747670775Z 
2026-08-12 15:37:36.73 Logon       Error: 18456, Severity: 14, State: 38.
mssql-1  | 2026-08-12T15:37:36.747714170Z 
2026-08-12 15:37:36.73 Logon       Login failed for user 'sa'. Reason: Failed to open the explicitly specified database 'ViciOneServiceBusUnitTests_v12_2015'. [CLIENT: 172.19.0.1]
mssql-1  | 2026-08-12T15:37:50.980073524Z 
2026-08-12 15:37:50.97 Logon       Error: 18456, Severity: 14, State: 38.
mssql-1  | 2026-08-12T15:37:50.980687598Z 
2026-08-12 15:37:50.97 Logon       Login failed for user 'sa'. Reason: Failed to open the explicitly specified database 'ViciOneServiceBusUnitTests_v12_2015'. [CLIENT: 172.19.0.1]
mssql-1  | 2026-08-12T15:38:32.120504554Z 
2026-08-12 15:38:32.10 Logon       Error: 18456, Severity: 14, State: 38.
mssql-1  | 2026-08-12T15:38:32.120535122Z 
2026-08-12 15:38:32.10 Logon       Login failed for user 'sa'. Reason: Failed to open the explicitly specified database 'ViciOneServiceBusUnitTests_v12_2015'. [CLIENT: 172.19.0.1]
mssql-1  | 2026-08-12T15:38:32.123609653Z 
2026-08-12 15:38:32.11 spid51      [DBMgr::FindFreeDatabaseID] Next available DbId EX locked: 6
mssql-1  | 2026-08-12T15:38:32.247172999Z 
2026-08-12 15:38:32.23 spid51      [6]. Feature Status: PVS: 0. CTR: 0. ConcurrentPFSUpdate: 1. ConcurrentGAMUpdate: 0. ConcurrentSGAMUpdate: 0, CleanupUnderUserTransaction: 0. TranLevelPVS: 0
mssql-1  | 2026-08-12T15:38:32.248288637Z 
2026-08-12 15:38:32.23 spid51      Starting up database 'ViciOneServiceBusUnitTests_v12_2015'.
mssql-1  | 2026-08-12T15:38:32.282556520Z 
2026-08-12 15:38:32.27 spid51      Parallel redo is started for database 'ViciOneServiceBusUnitTests_v12_2015' with worker pool size [1].
mssql-1  | 2026-08-12T15:38:32.295129611Z 
2026-08-12 15:38:32.28 spid51      Parallel redo is shutdown for database 'ViciOneServiceBusUnitTests_v12_2015' with worker pool size [1].
mssql-1  | 2026-08-12T15:38:32.364401924Z 
2026-08-12 15:38:32.35 spid51      WPRBucketTableAccess::Create: Created wpr table wpr_bucket_table on dbid 6.
mssql-1  | 2026-08-12T15:38:32.396850143Z 
2026-08-12 15:38:32.38 spid51      Setting database option READ_COMMITTED_SNAPSHOT to ON for database 'ViciOneServiceBusUnitTests_v12_2015'.
mssql-1  | 2026-08-12T15:38:32.436507510Z 
RecoveryUnit::Shutdown. IsOnline: 02026-08-12 15:38:32.42 spid51      [6]. Feature Status: PVS: 0. CTR: 0. ConcurrentPFSUpdate: 1. ConcurrentGAMUpdate: 0. ConcurrentSGAMUpdate: 0, CleanupUnderUserTransaction: 0. TranLevelPVS: 0
mssql-1  | 2026-08-12T15:38:32.437817300Z 
2026-08-12 15:38:32.42 spid51      Starting up database 'ViciOneServiceBusUnitTests_v12_2015'.
mssql-1  | 2026-08-12T15:38:32.471437337Z 
2026-08-12 15:38:32.46 spid51      Parallel redo is started for database 'ViciOneServiceBusUnitTests_v12_2015' with worker pool size [1].
mssql-1  | 2026-08-12T15:38:32.510677160Z 
2026-08-12 15:38:32.50 spid30s     Parallel redo is shutdown for database 'ViciOneServiceBusUnitTests_v12_2015' with worker pool size [1].
mssql-1  | 2026-08-12T15:38:34.567092035Z 
2026-08-12 15:38:34.55 spid51      Setting database option SINGLE_USER to ON for database 'ViciOneServiceBusUnitTests_v12_2015'.
mssql-1  | 2026-08-12T15:39:36.586564756Z 
[DBMgr::EnqueueDbFileDeletes] enqueueing file for delete '/var/opt/mssql/data/ViciOneServiceBusUnitTests_v12_2015.mdf'.[DBMgr::EnqueueDbFileDeletes] enqueueing file for delete '/var/opt/mssql/data/ViciOneServiceBusUnitTests_v12_2015_log.ldf'.RecoveryUnit::Shutdown. IsOnline: 12026-08-12 15:39:36.57 Logon       Error: 18456, Severity: 14, State: 38.
mssql-1  | 2026-08-12T15:39:36.586595702Z 
2026-08-12 15:39:36.57 Logon       Login failed for user 'sa'. Reason: Failed to open the explicitly specified database 'ViciOneServiceBusUnitTests_v12_2015'. [CLIENT: 172.19.0.1]
mssql-1  | 2026-08-12T15:39:36.589836737Z 
2026-08-12 15:39:36.58 spid51      [DBMgr::FindFreeDatabaseID] Next available DbId EX locked: 6
mssql-1  | 2026-08-12T15:39:36.709673088Z 
2026-08-12 15:39:36.69 spid51      [6]. Feature Status: PVS: 0. CTR: 0. ConcurrentPFSUpdate: 1. ConcurrentGAMUpdate: 0. ConcurrentSGAMUpdate: 0, CleanupUnderUserTransaction: 0. TranLevelPVS: 0
mssql-1  | 2026-08-12T15:39:36.711328568Z 
2026-08-12 15:39:36.70 spid51      Starting up database 'ViciOneServiceBusUnitTests_v12_2015'.
mssql-1  | 2026-08-12T15:39:36.742798118Z 
2026-08-12 15:39:36.73 spid51      Parallel redo is started for database 'ViciOneServiceBusUnitTests_v12_2015' with worker pool size [1].
mssql-1  | 2026-08-12T15:39:36.755560797Z 
2026-08-12 15:39:36.74 spid51      Parallel redo is shutdown for database 'ViciOneServiceBusUnitTests_v12_2015' with worker pool size [1].
mssql-1  | 2026-08-12T15:39:36.826864054Z 
2026-08-12 15:39:36.81 spid51      WPRBucketTableAccess::Create: Created wpr table wpr_bucket_table on dbid 6.
mssql-1  | 2026-08-12T15:39:36.854867498Z 
2026-08-12 15:39:36.84 spid51      Setting database option READ_COMMITTED_SNAPSHOT to ON for database 'ViciOneServiceBusUnitTests_v12_2015'.
mssql-1  | 2026-08-12T15:39:36.890811432Z 
RecoveryUnit::Shutdown. IsOnline: 02026-08-12 15:39:36.88 spid51      [6]. Feature Status: PVS: 0. CTR: 0. ConcurrentPFSUpdate: 1. ConcurrentGAMUpdate: 0. ConcurrentSGAMUpdate: 0, CleanupUnderUserTransaction: 0. TranLevelPVS: 0
mssql-1  | 2026-08-12T15:39:36.892085786Z 
2026-08-12 15:39:36.88 spid51      Starting up database 'ViciOneServiceBusUnitTests_v12_2015'.
mssql-1  | 2026-08-12T15:39:36.925794798Z 
2026-08-12 15:39:36.91 spid51      Parallel redo is started for database 'ViciOneServiceBusUnitTests_v12_2015' with worker pool size [1].
mssql-1  | 2026-08-12T15:39:36.957966384Z 
2026-08-12 15:39:36.94 spid20s     Parallel redo is shutdown for database 'ViciOneServiceBusUnitTests_v12_2015' with worker pool size [1].
mssql-1  | 2026-08-12T15:39:38.854818730Z 
2026-08-12 15:39:38.85 spid51      Setting database option SINGLE_USER to ON for database 'ViciOneServiceBusUnitTests_v12_2015'.
mssql-1  | 2026-08-12T15:39:38.908008577Z 
[DBMgr::EnqueueDbFileDeletes] enqueueing file for delete '/var/opt/mssql/data/ViciOneServiceBusUnitTests_v12_2015.mdf'.[DBMgr::EnqueueDbFileDeletes] enqueueing file for delete '/var/opt/mssql/data/ViciOneServiceBusUnitTests_v12_2015_log.ldf'.RecoveryUnit::Shutdown. IsOnline: 12026-08-12 15:39:38.90 Logon       Error: 18456, Severity: 14, State: 38.
mssql-1  | 2026-08-12T15:39:38.908071167Z 
2026-08-12 15:39:38.90 Logon       Login failed for user 'sa'. Reason: Failed to open the explicitly specified database 'ViciOneServiceBusUnitTests_v12_2015'. [CLIENT: 172.19.0.1]
mssql-1  | 2026-08-12T15:39:46.344692759Z 
2026-08-12 15:39:46.33 Logon       Error: 18456, Severity: 14, State: 38.
mssql-1  | 2026-08-12T15:39:46.346853999Z 
2026-08-12 15:39:46.33 Logon       Login failed for user 'sa'. Reason: Failed to open the explicitly specified database 'ViciOneServiceBusUnitTests_v12_2015'. [CLIENT: 172.19.0.1]
mssql-1  | 2026-08-12T15:40:02.135401224Z 
2026-08-12 15:40:02.13 Logon       Error: 18456, Severity: 14, State: 38.
mssql-1  | 2026-08-12T15:40:02.136946318Z 
2026-08-12 15:40:02.13 Logon       Login failed for user 'sa'. Reason: Failed to open the explicitly specified database 'ViciOneServiceBusUnitTests_v12_2015'. [CLIENT: 172.19.0.1]
mssql-1  | 2026-08-12T15:40:10.157677207Z 
2026-08-12 15:40:10.15 spid51      [DBMgr::FindFreeDatabaseID] Next available DbId EX locked: 6
mssql-1  | 2026-08-12T15:40:10.259449066Z 
2026-08-12 15:40:10.24 spid51      [6]. Feature Status: PVS: 0. CTR: 0. ConcurrentPFSUpdate: 1. ConcurrentGAMUpdate: 0. ConcurrentSGAMUpdate: 0, CleanupUnderUserTransaction: 0. TranLevelPVS: 0
mssql-1  | 2026-08-12T15:40:10.260213205Z 
2026-08-12 15:40:10.25 spid51      Starting up database 'ViciOneServiceBusUnitTests_v12_2015'.
mssql-1  | 2026-08-12T15:40:10.291544595Z 
2026-08-12 15:40:10.28 spid51      Parallel redo is started for database 'ViciOneServiceBusUnitTests_v12_2015' with worker pool size [1].
mssql-1  | 2026-08-12T15:40:10.302456879Z 
2026-08-12 15:40:10.29 spid51      Parallel redo is shutdown for database 'ViciOneServiceBusUnitTests_v12_2015' with worker pool size [1].
mssql-1  | 2026-08-12T15:40:10.351186096Z 
2026-08-12 15:40:10.34 spid51      WPRBucketTableAccess::Create: Created wpr table wpr_bucket_table on dbid 6.
mssql-1  | 2026-08-12T15:40:10.375481087Z 
2026-08-12 15:40:10.36 spid51      Setting database option READ_COMMITTED_SNAPSHOT to ON for database 'ViciOneServiceBusUnitTests_v12_2015'.
mssql-1  | 2026-08-12T15:40:10.409024135Z 
RecoveryUnit::Shutdown. IsOnline: 02026-08-12 15:40:10.39 spid51      [6]. Feature Status: PVS: 0. CTR: 0. ConcurrentPFSUpdate: 1. ConcurrentGAMUpdate: 0. ConcurrentSGAMUpdate: 0, CleanupUnderUserTransaction: 0. TranLevelPVS: 0
mssql-1  | 2026-08-12T15:40:10.409930582Z 
2026-08-12 15:40:10.40 spid51      Starting up database 'ViciOneServiceBusUnitTests_v12_2015'.
mssql-1  | 2026-08-12T15:40:10.440688831Z 
2026-08-12 15:40:10.43 spid51      Parallel redo is started for database 'ViciOneServiceBusUnitTests_v12_2015' with worker pool size [1].
mssql-1  | 2026-08-12T15:40:10.473768002Z 
2026-08-12 15:40:10.46 spid16s     Parallel redo is shutdown for database 'ViciOneServiceBusUnitTests_v12_2015' with worker pool size [1].
mssql-1  | 2026-08-12T15:40:11.651774853Z 
2026-08-12 15:40:11.63 spid51      Setting database option SINGLE_USER to ON for database 'ViciOneServiceBusUnitTests_v12_2015'.
